[00:00:58] [Server thread/INFO]: bohemia lost connection: Timed out
[00:00:58] [Server thread/INFO]: bohemia left the game
[00:01:13] [Server thread/INFO]: bohemia[/172.29.182.214:54820] logged in with entity id 134914 at (34.568525692094745, 102.0, -308.7051337579801)
[00:01:13] [Server thread/INFO]: bohemia joined the game
[00:05:52] [Server thread/WARN]: Mismatch in destroy block pos: BlockPos{x=-100, y=61, z=-215} BlockPos{x=-100, y=60, z=-214}
[00:05:54] [Server thread/WARN]: Mismatch in destroy block pos: BlockPos{x=-102, y=63, z=-215} BlockPos{x=-102, y=62, z=-215}
[00:10:38] [Server thread/WARN]: Can't keep up! Is the server overloaded? Running 2029ms or 40 ticks behind
[00:10:56] [Server thread/WARN]: Can't keep up! Is the server overloaded? Running 3162ms or 63 ticks behind
[00:11:42] [Server thread/WARN]: marinet45 moved too quickly! -0.04389000814082067,-11.065764912039814,-0.07983345118304896
[00:11:55] [Server thread/INFO]: Mattute_uwu has made the advancement [Into Fire]
[00:12:49] [Server thread/INFO]: DraculaNew has made the advancement [Withering Heights]
[00:12:49] [Server thread/INFO]: marinet45 has made the advancement [Withering Heights]
[00:13:27] [Server thread/INFO]: DraculaNew was shot by a skull from PUTO EL QUE LO LEA
[00:13:27] [Server thread/INFO]: Created new backpack backup file for DraculaNew with unique ID travelersbackpack.wither_30.08.2026-00.13.27.dat
[00:13:27] [Server thread/INFO]: Created new backpack backup file for DraculaNew with unique ID travelersbackpack.wither_30.08.2026-00.13.27.dat
[00:13:27] [Server thread/INFO]: Your backpack has been placed at X: 142 Y: -59 Z: -1151
[00:13:42] [Server thread/INFO]: Named entity WitherBoss['PUTO EL QUE LO LEA'/141523, l='ServerLevel[world]', x=134.45, y=-58.78, z=-1150.40] died: PUTO EL QUE LO LEA was slain by Yazuu
[00:13:53] [Server thread/INFO]: marinet45 withered away
[00:13:53] [Server thread/INFO]: Created new backpack backup file for marinet45 with unique ID travelersbackpack.spider_30.08.2026-00.13.53.dat
[00:13:53] [Server thread/INFO]: Created new backpack backup file for marinet45 with unique ID travelersbackpack.spider_30.08.2026-00.13.53.dat
[00:13:53] [Server thread/INFO]: Your backpack has been placed at X: 118 Y: -59 Z: -1151
[00:20:43] [Server thread/WARN]: Mattute_uwu moved too quickly! 1.777170773492763,6.5,-7.6269640456440015
[00:22:32] [Server thread/WARN]: Can't keep up! Is the server overloaded? Running 2004ms or 40 ticks behind
[00:33:26] [Server thread/WARN]: Mattute_uwu moved too quickly! -10.127105034475775,-0.753986201738762,-0.702035341392957
[00:34:04] [Server thread/WARN]: Can't keep up! Is the server overloaded? Running 2020ms or 40 ticks behind
[00:36:46] [Server thread/INFO]: DraculaNew has reached the goal [Beaconator]
[00:36:46] [Server thread/INFO]: DraculaNew has made the advancement [Bring Home the Beacon]
[00:42:09] [Server thread/INFO]: Mattute_uwu lost connection: Timed out
[00:42:09] [Server thread/INFO]: Mattute_uwu left the game
[00:42:25] [Server thread/INFO]: Mattute_uwu[/172.29.228.210:52100] logged in with entity id 159822 at (-99.51704526557683, 65.0, -212.0874864037341)
[00:42:25] [Server thread/INFO]: Mattute_uwu joined the game
[00:45:37] [Server thread/WARN]: Can't keep up! Is the server overloaded? Running 2005ms or 40 ticks behind
[00:45:55] [Server thread/WARN]: Can't keep up! Is the server overloaded? Running 2208ms or 44 ticks behind
[00:46:37] [Server thread/WARN]: DraculaNew was kicked for floating too long!
[00:46:37] [Server thread/INFO]: DraculaNew lost connection: Flying is not enabled on this server
[00:46:37] [Server thread/INFO]: DraculaNew left the game
[00:49:44] [Server thread/INFO]: DraculaNew[/172.29.103.188:61949] logged in with entity id 165458 at (444.5, 164.5, -1135.5)
[00:49:44] [Server thread/INFO]: DraculaNew joined the game
[00:51:40] [Server thread/WARN]: marinet45 moved too quickly! 0.0,-14.483866135694853,0.0
[00:51:40] [Server thread/INFO]: marinet45 was doomed to fall by Yazuu
[00:51:40] [Server thread/INFO]: Created new backpack backup file for marinet45 with unique ID travelersbackpack.spider_30.08.2026-00.51.40.dat
[00:51:40] [Server thread/INFO]: Created new backpack backup file for marinet45 with unique ID travelersbackpack.spider_30.08.2026-00.51.40.dat
[00:51:40] [Server thread/INFO]: Your backpack has been placed at X: 443 Y: 66 Z: -1140
[00:52:09] [Server thread/INFO]: DraculaNew was impaled by Drowned
[00:52:09] [Server thread/INFO]: Created new backpack backup file for DraculaNew with unique ID travelersbackpack.spider_30.08.2026-00.52.09.dat
[00:52:09] [Server thread/INFO]: Created new backpack backup file for DraculaNew with unique ID travelersbackpack.spider_30.08.2026-00.52.09.dat
[00:52:09] [Server thread/INFO]: There's no space for backpack. Dropping backpack item at X: 425 Y: 57.52904171257429 Z: -1133
[00:52:11] [Server thread/INFO]: Mattute_uwu lost connection: Timed out
[00:52:11] [Server thread/INFO]: Mattute_uwu left the game
[00:53:05] [Server thread/INFO]: DraculaNew was impaled by Drowned
[00:53:37] [Server thread/WARN]: Mismatch in destroy block pos: BlockPos{x=231, y=62, z=-1158} BlockPos{x=230, y=61, z=-1156}
[00:53:37] [Server thread/WARN]: Mismatch in destroy block pos: BlockPos{x=231, y=62, z=-1158} BlockPos{x=230, y=61, z=-1156}
[00:53:37] [Server thread/WARN]: Mismatch in destroy block pos: BlockPos{x=231, y=62, z=-1158} BlockPos{x=230, y=61, z=-1156}
[00:54:07] [Server thread/WARN]: Mismatch in destroy block pos: BlockPos{x=248, y=65, z=-1165} BlockPos{x=249, y=64, z=-1165}
[00:54:17] [Server thread/WARN]: Mismatch in destroy block pos: BlockPos{x=247, y=63, z=-1167} BlockPos{x=245, y=61, z=-1168}
[00:54:23] [Server thread/WARN]: Mismatch in destroy block pos: BlockPos{x=238, y=63, z=-1170} BlockPos{x=236, y=62, z=-1170}
[00:54:23] [Server thread/WARN]: Mismatch in destroy block pos: BlockPos{x=237, y=63, z=-1170} BlockPos{x=236, y=62, z=-1170}
[00:54:23] [Server thread/WARN]: Mismatch in destroy block pos: BlockPos{x=237, y=63, z=-1170} BlockPos{x=236, y=62, z=-1170}
[00:54:23] [Server thread/WARN]: Mismatch in destroy block pos: BlockPos{x=237, y=63, z=-1170} BlockPos{x=236, y=62, z=-1170}
[00:54:24] [Server thread/WARN]: Mismatch in destroy block pos: BlockPos{x=237, y=63, z=-1170} BlockPos{x=235, y=63, z=-1169}
[00:54:25] [Server thread/WARN]: Mismatch in destroy block pos: BlockPos{x=238, y=62, z=-1169} BlockPos{x=238, y=59, z=-1169}
[00:54:25] [Server thread/WARN]: Mismatch in destroy block pos: BlockPos{x=238, y=62, z=-1169} BlockPos{x=238, y=59, z=-1169}
[00:54:25] [Server thread/WARN]: Mismatch in destroy block pos: BlockPos{x=238, y=62, z=-1169} BlockPos{x=238, y=59, z=-1169}
[00:54:25] [Server thread/WARN]: Mismatch in destroy block pos: BlockPos{x=238, y=62, z=-1169} BlockPos{x=238, y=59, z=-1169}
[00:54:25] [Server thread/WARN]: Mismatch in destroy block pos: BlockPos{x=238, y=62, z=-1169} BlockPos{x=238, y=59, z=-1169}
[00:55:03] [Server thread/WARN]: Mismatch in destroy block pos: BlockPos{x=245, y=61, z=-1162} BlockPos{x=243, y=60, z=-1162}
[00:55:11] [Server thread/WARN]: Mismatch in destroy block pos: BlockPos{x=245, y=62, z=-1159} BlockPos{x=245, y=60, z=-1160}
[00:55:11] [Server thread/WARN]: Mismatch in destroy block pos: BlockPos{x=245, y=62, z=-1160} BlockPos{x=245, y=60, z=-1160}
[00:55:11] [Server thread/WARN]: Mismatch in destroy block pos: BlockPos{x=245, y=62, z=-1161} BlockPos{x=245, y=60, z=-1160}
[00:55:13] [Server thread/WARN]: Mismatch in destroy block pos: BlockPos{x=247, y=65, z=-1164} BlockPos{x=246, y=61, z=-1163}
[00:55:22] [Server thread/WARN]: Mismatch in destroy block pos: BlockPos{x=247, y=62, z=-1158} BlockPos{x=246, y=61, z=-1157}
[00:55:22] [Server thread/WARN]: Mismatch in destroy block pos: BlockPos{x=244, y=63, z=-1158} BlockPos{x=244, y=62, z=-1157}
[00:55:23] [Server thread/WARN]: Mismatch in destroy block pos: BlockPos{x=244, y=63, z=-1158} BlockPos{x=244, y=62, z=-1157}
[00:55:24] [Server thread/WARN]: Mismatch in destroy block pos: BlockPos{x=244, y=63, z=-1156} BlockPos{x=243, y=63, z=-1157}
[00:55:41] [Server thread/WARN]: Mismatch in destroy block pos: BlockPos{x=235, y=62, z=-1158} BlockPos{x=235, y=62, z=-1157}
[00:55:42] [Server thread/WARN]: Mismatch in destroy block pos: BlockPos{x=235, y=63, z=-1156} BlockPos{x=236, y=62, z=-1156}
[00:55:42] [Server thread/WARN]: Mismatch in destroy block pos: BlockPos{x=235, y=63, z=-1156} BlockPos{x=236, y=62, z=-1156}
[00:55:42] [Server thread/WARN]: Mismatch in destroy block pos: BlockPos{x=235, y=63, z=-1156} BlockPos{x=236, y=62, z=-1156}
[00:55:58] [Server thread/WARN]: Mismatch in destroy block pos: BlockPos{x=229, y=62, z=-1167} BlockPos{x=227, y=61, z=-1167}
[00:55:58] [Server thread/WARN]: Mismatch in destroy block pos: BlockPos{x=228, y=62, z=-1167} BlockPos{x=227, y=61, z=-1167}
[00:56:02] [Server thread/WARN]: Mismatch in destroy block pos: BlockPos{x=229, y=62, z=-1166} BlockPos{x=229, y=60, z=-1165}
[00:56:05] [Server thread/WARN]: Mismatch in destroy block pos: BlockPos{x=229, y=62, z=-1165} BlockPos{x=230, y=60, z=-1164}
[00:56:05] [Server thread/WARN]: Mismatch in destroy block pos: BlockPos{x=229, y=62, z=-1165} BlockPos{x=230, y=60, z=-1164}
[00:56:09] [Server thread/WARN]: Mismatch in destroy block pos: BlockPos{x=233, y=62, z=-1165} BlockPos{x=235, y=60, z=-1165}
[00:56:13] [Server thread/WARN]: Mismatch in destroy block pos: BlockPos{x=232, y=62, z=-1158} BlockPos{x=233, y=61, z=-1157}
[00:56:13] [Server thread/WARN]: Mismatch in destroy block pos: BlockPos{x=232, y=62, z=-1158} BlockPos{x=233, y=61, z=-1157}
[00:56:13] [Server thread/WARN]: Mismatch in destroy block pos: BlockPos{x=232, y=62, z=-1158} BlockPos{x=233, y=61, z=-1157}
[00:56:21] [Server thread/WARN]: Mismatch in destroy block pos: BlockPos{x=224, y=62, z=-1161} BlockPos{x=224, y=61, z=-1163}
[00:56:21] [Server thread/WARN]: Mismatch in destroy block pos: BlockPos{x=224, y=62, z=-1161} BlockPos{x=224, y=61, z=-1163}
[00:56:21] [Server thread/WARN]: Mismatch in destroy block pos: BlockPos{x=224, y=62, z=-1161} BlockPos{x=224, y=61, z=-1163}
[00:56:21] [Server thread/WARN]: Mismatch in destroy block pos: BlockPos{x=224, y=62, z=-1161} BlockPos{x=224, y=61, z=-1163}
[00:56:21] [Server thread/WARN]: Mismatch in destroy block pos: BlockPos{x=224, y=62, z=-1161} BlockPos{x=224, y=61, z=-1163}
[00:56:28] [Server thread/WARN]: Mismatch in destroy block pos: BlockPos{x=223, y=63, z=-1157} BlockPos{x=223, y=62, z=-1157}
[00:56:30] [Server thread/WARN]: Mismatch in destroy block pos: BlockPos{x=219, y=63, z=-1157} BlockPos{x=219, y=61, z=-1158}
[00:56:30] [Server thread/WARN]: Mismatch in destroy block pos: BlockPos{x=219, y=63, z=-1158} BlockPos{x=219, y=61, z=-1158}
[00:56:30] [Server thread/WARN]: Mismatch in destroy block pos: BlockPos{x=219, y=63, z=-1158} BlockPos{x=219, y=61, z=-1158}
[00:56:50] [Server thread/WARN]: Mismatch in destroy block pos: BlockPos{x=216, y=61, z=-1163} BlockPos{x=216, y=62, z=-1162}
[00:56:51] [Server thread/WARN]: Mismatch in destroy block pos: BlockPos{x=217, y=62, z=-1161} BlockPos{x=217, y=61, z=-1160}
[00:56:58] [Server thread/WARN]: Mismatch in destroy block pos: BlockPos{x=219, y=62, z=-1157} BlockPos{x=220, y=61, z=-1157}
[00:57:50] [Server thread/WARN]: Mismatch in destroy block pos: BlockPos{x=228, y=62, z=-1145} BlockPos{x=229, y=60, z=-1144}
[00:57:50] [Server thread/WARN]: Mismatch in destroy block pos: BlockPos{x=228, y=62, z=-1145} BlockPos{x=229, y=60, z=-1144}
[00:58:10] [Server thread/WARN]: Mismatch in destroy block pos: BlockPos{x=237, y=63, z=-1145} BlockPos{x=239, y=61, z=-1148}
[00:58:10] [Server thread/WARN]: Mismatch in destroy block pos: BlockPos{x=235, y=63, z=-1146} BlockPos{x=234, y=61, z=-1146}
[00:58:10] [Server thread/WARN]: Mismatch in destroy block pos: BlockPos{x=235, y=63, z=-1146} BlockPos{x=234, y=61, z=-1146}
[00:58:10] [Server thread/WARN]: Mismatch in destroy block pos: BlockPos{x=235, y=63, z=-1146} BlockPos{x=234, y=61, z=-1146}
[00:58:17] [Server thread/WARN]: Mismatch in destroy block pos: BlockPos{x=240, y=63, z=-1149} BlockPos{x=241, y=62, z=-1150}
[00:58:17] [Server thread/WARN]: Mismatch in destroy block pos: BlockPos{x=240, y=63, z=-1149} BlockPos{x=241, y=62, z=-1150}
[00:58:17] [Server thread/WARN]: Mismatch in destroy block pos: BlockPos{x=240, y=63, z=-1150} BlockPos{x=241, y=62, z=-1150}
[00:58:26] [Server thread/INFO]: [Not Secure] <DraculaNew> 427 198 -1137
[00:58:53] [Server thread/INFO]: [Yazuu: Teleported DraculaNew to 427.500000, 198.000000, -1136.500000]
[01:06:20] [Server thread/INFO]: marinet45 tried to swim in lava to escape DraculaNew
[01:06:20] [Server thread/INFO]: Created new backpack backup file for marinet45 with unique ID travelersbackpack.spider_30.08.2026-01.06.20.dat
[01:06:20] [Server thread/INFO]: Created new backpack backup file for marinet45 with unique ID travelersbackpack.spider_30.08.2026-01.06.20.dat
[01:06:20] [Server thread/INFO]: Your backpack has been placed at X: 79 Y: 63 Z: -1150
[01:12:47] [Server thread/WARN]: marinet45 moved too quickly! -1.6150720237480414,-10.287592896255177,0.1702129843727107
[01:13:15] [Server thread/INFO]: DraculaNew was slain by marinet45
[01:13:15] [Server thread/INFO]: Created new backpack backup file for DraculaNew with unique ID travelersbackpack.spider_30.08.2026-01.13.15.dat
[01:13:15] [Server thread/INFO]: Created new backpack backup file for DraculaNew with unique ID travelersbackpack.spider_30.08.2026-01.13.15.dat
[01:13:15] [Server thread/INFO]: Your backpack has been placed at X: 442 Y: 63 Z: -1139
[01:20:29] [Server thread/WARN]: Can't keep up! Is the server overloaded? Running 2028ms or 40 ticks behind
[01:23:17] [Server thread/INFO]: Yazuu fell from a high place
[01:23:17] [Server thread/INFO]: Created new backpack backup file for Yazuu with unique ID travelersbackpack.magma_cube_30.08.2026-01.23.17.dat
[01:23:17] [Server thread/INFO]: Created new backpack backup file for Yazuu with unique ID travelersbackpack.magma_cube_30.08.2026-01.23.17.dat
[01:23:17] [Server thread/INFO]: Your backpack has been placed at X: 15 Y: 66 Z: -193
[01:23:43] [Server thread/WARN]: Yazuu moved too quickly! 0.0,11.229109603691484,0.0
[01:26:21] [Server thread/INFO]: Mattute_uwu[/172.29.228.210:52853] logged in with entity id 192176 at (-98.17787530803292, 65.0, -213.65913819701098)
[01:26:21] [Server thread/INFO]: Mattute_uwu joined the game
[01:30:21] [Server thread/INFO]: [Not Secure] <DraculaNew> 80 63 -1136
[01:30:59] [Server thread/INFO]: DraculaNew lost connection: Disconnected
[01:30:59] [Server thread/INFO]: DraculaNew left the game
[01:32:07] [Server thread/WARN]: Can't keep up! Is the server overloaded? Running 2019ms or 40 ticks behind
[01:32:28] [Server thread/WARN]: Can't keep up! Is the server overloaded? Running 6286ms or 125 ticks behind
[01:33:13] [Server thread/INFO]: DraculaNew[/172.29.103.188:64119] logged in with entity id 201899 at (-69.5, 64.5, -207.5)
[01:33:13] [Server thread/INFO]: DraculaNew joined the game
[01:33:54] [Server thread/INFO]: Mattute_uwu has made the advancement [Voluntary Exile]
[01:34:09] [Server thread/INFO]: Mattute_uwu was burned to a crisp while fighting DraculaNew
[01:34:09] [Server thread/INFO]: Created new backpack backup file for Mattute_uwu with unique ID travelersbackpack.wither_30.08.2026-01.34.09.dat
[01:34:09] [Server thread/INFO]: Created new backpack backup file for Mattute_uwu with unique ID travelersbackpack.wither_30.08.2026-01.34.09.dat
[01:34:09] [Server thread/INFO]: Your backpack has been placed at X: 79 Y: 102 Z: -259
[01:36:34] [Server thread/WARN]: Spruce Boat (vehicle of marinet45) moved wrongly! 0.3409711693849431
[01:36:34] [Server thread/WARN]: Spruce Boat (vehicle of marinet45) moved wrongly! 0.31597392505955213
[01:36:35] [Server thread/WARN]: Spruce Boat (vehicle of marinet45) moved wrongly! 0.3419920687889544
[01:36:35] [Server thread/WARN]: Spruce Boat (vehicle of marinet45) moved wrongly! 0.3821840212885945
[01:42:40] [Server thread/INFO]: Mattute_uwu lost connection: Disconnected
[01:42:40] [Server thread/INFO]: Mattute_uwu left the game
[01:43:13] [Server thread/INFO]: marinet45 was slain by Yazuu
[01:43:13] [Server thread/INFO]: Created new backpack backup file for marinet45 with unique ID travelersbackpack.spider_30.08.2026-01.43.13.dat
[01:43:13] [Server thread/INFO]: Created new backpack backup file for marinet45 with unique ID travelersbackpack.spider_30.08.2026-01.43.13.dat
[01:43:13] [Server thread/INFO]: Your backpack has been placed at X: 103 Y: 63 Z: -1116
[01:43:15] [Server thread/INFO]: Yazuu withered away
[01:43:15] [Server thread/INFO]: Created new backpack backup file for Yazuu with unique ID travelersbackpack.blaze_30.08.2026-01.43.15.dat
[01:43:15] [Server thread/INFO]: Created new backpack backup file for Yazuu with unique ID travelersbackpack.blaze_30.08.2026-01.43.15.dat
[01:43:15] [Server thread/INFO]: Your backpack has been placed at X: 104 Y: 63 Z: -1118
[01:44:13] [Server thread/WARN]: Can't keep up! Is the server overloaded? Running 2034ms or 40 ticks behind
[01:46:16] [Server thread/INFO]: Renesito[/172.29.190.27:50829] logged in with entity id 215380 at (-102.99184307623229, 65.5625, -212.10269423393677)
[01:46:16] [Server thread/INFO]: Renesito joined the game
[01:47:37] [Server thread/INFO]: bohemia lost connection: Disconnected
[01:47:37] [Server thread/INFO]: bohemia left the game
[01:49:11] [Server thread/INFO]: bohemia[/172.29.182.214:53938] logged in with entity id 217693 at (-69.5, 64.5, -207.5)
[01:49:11] [Server thread/INFO]: bohemia joined the game
[01:51:52] [Server thread/INFO]: marinet45 was slain by Yazuu
[01:51:52] [Server thread/INFO]: Created new backpack backup file for marinet45 with unique ID travelersbackpack.spider_30.08.2026-01.51.52.dat
[01:51:52] [Server thread/INFO]: Created new backpack backup file for marinet45 with unique ID travelersbackpack.spider_30.08.2026-01.51.52.dat
[01:51:52] [Server thread/INFO]: Your backpack has been placed at X: 141 Y: 61 Z: -1092
[01:52:11] [Server thread/INFO]: marinet45 was slain by Yazuu
[01:52:34] [Server thread/INFO]: marinet45 was slain by Yazuu
[01:53:02] [Server thread/INFO]: marinet45 was shot by Skeleton
[01:55:58] [Server thread/WARN]: Can't keep up! Is the server overloaded? Running 2000ms or 40 ticks behind
[02:11:10] [Server thread/WARN]: Mismatch in destroy block pos: BlockPos{x=43, y=16, z=60} BlockPos{x=38, y=14, z=-87}
[02:11:12] [Server thread/WARN]: Mismatch in destroy block pos: BlockPos{x=38, y=13, z=-92} BlockPos{x=38, y=13, z=-91}
[02:11:54] [Server thread/INFO]: Yazuu was smashed by marinet45
[02:11:54] [Server thread/INFO]: Created new backpack backup file for Yazuu with unique ID travelersbackpack.magma_cube_30.08.2026-02.11.54.dat
[02:11:54] [Server thread/INFO]: Created new backpack backup file for Yazuu with unique ID travelersbackpack.magma_cube_30.08.2026-02.11.54.dat
[02:11:54] [Server thread/INFO]: Your backpack has been placed at X: 440 Y: 163 Z: -1133
[02:19:16] [Server thread/WARN]: Yazuu moved too quickly! 10.300800453826525,0.4820396499927426,4.377877080177996
[02:21:13] [Server thread/INFO]: Renesito was impaled by Drowned
[02:21:13] [Server thread/INFO]: Created new backpack backup file for Renesito with unique ID travelersbackpack.blaze_30.08.2026-02.21.13.dat
[02:21:13] [Server thread/INFO]: Created new backpack backup file for Renesito with unique ID travelersbackpack.blaze_30.08.2026-02.21.13.dat
[02:21:13] [Server thread/INFO]: There's no space for backpack. Dropping backpack item at X: 447 Y: 56.235414553029585 Z: -1136
[02:21:29] [Server thread/INFO]: [Yazuu: Teleported Renesito to Yazuu]
[02:22:43] [Server thread/INFO]: Mattute_uwu[/172.29.228.210:53830] logged in with entity id 243227 at (444.3057586187393, 163.0, -1136.796601980434)
[02:22:43] [Server thread/INFO]: Mattute_uwu joined the game
[02:23:45] [Server thread/WARN]: Mattute_uwu moved too quickly! 0.4922851491043616,-15.491345149961802,1.4965263096532908
[02:24:36] [Server thread/INFO]: Mattute_uwu fell from a high place
[02:24:36] [Server thread/INFO]: Created new backpack backup file for Mattute_uwu with unique ID travelersbackpack.wither_30.08.2026-02.24.36.dat
[02:24:36] [Server thread/INFO]: Created new backpack backup file for Mattute_uwu with unique ID travelersbackpack.wither_30.08.2026-02.24.36.dat
[02:24:36] [Server thread/INFO]: Your backpack has been placed at X: 442 Y: 66 Z: -1137
[02:25:20] [Server thread/INFO]: Mattute_uwu was killed while trying to hurt marinet45
[02:27:23] [Server thread/INFO]: [Yazuu: Teleported Mattute_uwu to Yazuu]
[02:30:36] [Server thread/WARN]: Can't keep up! Is the server overloaded? Running 2019ms or 40 ticks behind
[02:30:56] [Server thread/WARN]: Can't keep up! Is the server overloaded? Running 4648ms or 92 ticks behind
[02:35:51] [Server thread/INFO]: [Yazuu: Teleported marinet45 to Yazuu]
[02:36:18] [Server thread/INFO]: marinet45 was burned to a crisp while fighting DraculaNew
[02:36:18] [Server thread/INFO]: Created new backpack backup file for marinet45 with unique ID travelersbackpack.spider_30.08.2026-02.36.18.dat
[02:36:18] [Server thread/INFO]: Created new backpack backup file for marinet45 with unique ID travelersbackpack.spider_30.08.2026-02.36.18.dat
[02:36:18] [Server thread/INFO]: Your backpack has been placed at X: -2 Y: 69 Z: -1082
[02:36:39] [Server thread/INFO]: marinet45 was slain by DraculaNew
[02:37:38] [Server thread/INFO]: Mattute_uwu was slain by marinet45
[02:37:38] [Server thread/INFO]: Created new backpack backup file for Mattute_uwu with unique ID travelersbackpack.wither_30.08.2026-02.37.38.dat
[02:37:38] [Server thread/INFO]: Created new backpack backup file for Mattute_uwu with unique ID travelersbackpack.wither_30.08.2026-02.37.38.dat
[02:37:38] [Server thread/INFO]: Your backpack has been placed at X: -1938 Y: -55 Z: 694
[02:38:00] [Server thread/INFO]: Mattute_uwu was slain by marinet45
[02:38:38] [Server thread/WARN]: marinet45 tried to edit an invalid waystone with id 6eab567d-7576-41d3-9680-f462614d8a72
[02:39:07] [Server thread/INFO]: [Yazuu: Teleported Yazuu to Mattute_uwu]
[02:42:19] [Server thread/WARN]: Can't keep up! Is the server overloaded? Running 2042ms or 40 ticks behind
[02:42:38] [Server thread/WARN]: Can't keep up! Is the server overloaded? Running 3510ms or 70 ticks behind
[02:43:57] [Server thread/INFO]: Mattute_uwu has made the advancement [Iron Tier Upgrade]
[02:47:35] [Server thread/INFO]: Renesito fell from a high place
[02:47:43] [Server thread/WARN]: Mismatch in destroy block pos: BlockPos{x=176, y=63, z=-1148} BlockPos{x=176, y=63, z=-1149}
[02:47:43] [Server thread/WARN]: Mismatch in destroy block pos: BlockPos{x=176, y=63, z=-1148} BlockPos{x=176, y=63, z=-1149}
[02:47:43] [Server thread/WARN]: Mismatch in destroy block pos: BlockPos{x=176, y=63, z=-1148} BlockPos{x=176, y=63, z=-1149}
[02:47:47] [Server thread/WARN]: Mismatch in destroy block pos: BlockPos{x=176, y=63, z=-1148} BlockPos{x=169, y=63, z=-1147}
[02:49:18] [Server thread/INFO]: Mattute_uwu has made the advancement [Minecraft: Trial(s) Edition]
[02:49:48] [Server thread/INFO]: Mattute_uwu was slain by Zombie
[02:49:48] [Server thread/INFO]: Created new backpack backup file for Mattute_uwu with unique ID travelersbackpack.wither_30.08.2026-02.49.48.dat
[02:49:48] [Server thread/INFO]: Created new backpack backup file for Mattute_uwu with unique ID travelersbackpack.wither_30.08.2026-02.49.48.dat
[02:49:48] [Server thread/INFO]: Your backpack has been placed at X: -2046 Y: -34 Z: 693
[02:50:45] [Server thread/INFO]: [Yazuu: Teleported Renesito to Yazuu]
[02:53:57] [Server thread/WARN]: Can't keep up! Is the server overloaded? Running 2034ms or 40 ticks behind
[02:54:18] [Server thread/WARN]: Can't keep up! Is the server overloaded? Running 5735ms or 114 ticks behind
[02:55:11] [Server thread/INFO]: [Yazuu: Teleported Renesito to Yazuu]
[02:55:21] [Server thread/INFO]: [Yazuu: Teleported Mattute_uwu to Yazuu]
[02:55:45] [Server thread/INFO]: Mattute_uwu has made the advancement [Under Lock and Key]
[02:57:12] [Server thread/INFO]: Mattute_uwu was impaled on a stalagmite
[02:57:12] [Server thread/INFO]: Created new backpack backup file for Mattute_uwu with unique ID travelersbackpack.wither_30.08.2026-02.57.12.dat
[02:57:12] [Server thread/INFO]: Created new backpack backup file for Mattute_uwu with unique ID travelersbackpack.wither_30.08.2026-02.57.12.dat
[02:57:12] [Server thread/INFO]: There's no space for backpack. Dropping backpack item at X: -2147 Y: -50.3125 Z: 695
[02:57:38] [Server thread/WARN]: Mismatch in destroy block pos: BlockPos{x=187, y=62, z=-1108} BlockPos{x=191, y=63, z=-1105}
[02:57:38] [Server thread/WARN]: Mismatch in destroy block pos: BlockPos{x=187, y=62, z=-1108} BlockPos{x=191, y=63, z=-1105}
[02:57:38] [Server thread/WARN]: Mismatch in destroy block pos: BlockPos{x=187, y=62, z=-1108} BlockPos{x=191, y=63, z=-1105}
[02:57:46] [Server thread/INFO]: [Yazuu: Teleported Mattute_uwu to Yazuu]
[02:58:50] [Server thread/WARN]: Mismatch in destroy block pos: BlockPos{x=178, y=63, z=-1099} BlockPos{x=179, y=62, z=-1099}
[03:00:28] [Server thread/WARN]: Mismatch in destroy block pos: BlockPos{x=189, y=64, z=-1128} BlockPos{x=187, y=62, z=-1126}
[03:00:28] [Server thread/WARN]: Mismatch in destroy block pos: BlockPos{x=189, y=64, z=-1128} BlockPos{x=187, y=62, z=-1126}
[03:00:28] [Server thread/WARN]: Mismatch in destroy block pos: BlockPos{x=189, y=64, z=-1128} BlockPos{x=187, y=62, z=-1126}
[03:01:13] [Server thread/INFO]: Renesito was slain by Husk
[03:01:13] [Server thread/INFO]: Created new backpack backup file for Renesito with unique ID travelersbackpack.magma_cube_30.08.2026-03.01.13.dat
[03:01:13] [Server thread/INFO]: Created new backpack backup file for Renesito with unique ID travelersbackpack.magma_cube_30.08.2026-03.01.13.dat
[03:01:13] [Server thread/INFO]: Your backpack has been placed at X: -2095 Y: -30 Z: 708
[03:01:26] [Server thread/INFO]: Mattute_uwu was shot by Bogged
[03:01:26] [Server thread/INFO]: Created new backpack backup file for Mattute_uwu with unique ID travelersbackpack.wither_30.08.2026-03.01.26.dat
[03:01:26] [Server thread/INFO]: Created new backpack backup file for Mattute_uwu with unique ID travelersbackpack.wither_30.08.2026-03.01.26.dat
[03:01:26] [Server thread/INFO]: Your backpack has been placed at X: -2100 Y: -32 Z: 709
[03:01:30] [Server thread/WARN]: Mismatch in destroy block pos: BlockPos{x=194, y=63, z=-1153} BlockPos{x=193, y=62, z=-1153}
[03:02:01] [Server thread/INFO]: marinet45 was shot by Bogged
[03:02:01] [Server thread/INFO]: Created new backpack backup file for marinet45 with unique ID travelersbackpack.spider_30.08.2026-03.02.01.dat
[03:02:01] [Server thread/INFO]: Created new backpack backup file for marinet45 with unique ID travelersbackpack.spider_30.08.2026-03.02.01.dat
[03:02:01] [Server thread/INFO]: Your backpack has been placed at X: -2127 Y: -27 Z: 709
[03:02:50] [Server thread/WARN]: Mismatch in destroy block pos: BlockPos{x=205, y=63, z=-1156} BlockPos{x=206, y=63, z=-1154}
[03:02:50] [Server thread/INFO]: Renesito was slain by Slime
[03:02:54] [Server thread/INFO]: Mattute_uwu was shot by Bogged
[03:03:08] [Server thread/INFO]: [Yazuu: Teleported Renesito to Yazuu]
[03:03:17] [Server thread/INFO]: [Yazuu: Teleported Mattute_uwu to Yazuu]
[03:03:38] [Server thread/INFO]: marinet45 was shot by Bogged
[03:04:37] [Server thread/WARN]: DraculaNew moved too quickly! -7.903670197246811,0.07840000152587834,-6.641710201938849
[03:05:25] [Server thread/WARN]: Mismatch in destroy block pos: BlockPos{x=196, y=61, z=-1151} BlockPos{x=196, y=62, z=-1147}
[03:05:40] [Server thread/WARN]: Can't keep up! Is the server overloaded? Running 2007ms or 40 ticks behind
[03:05:58] [Server thread/WARN]: Can't keep up! Is the server overloaded? Running 2764ms or 55 ticks behind
[03:06:33] [Server thread/WARN]: Mismatch in destroy block pos: BlockPos{x=187, y=62, z=-1160} BlockPos{x=185, y=62, z=-1161}
[03:08:29] [Server thread/INFO]: Mattute_uwu has reached the goal [Revaulting]
[03:12:00] [Server thread/INFO]: Renesito has made the advancement [Iron Tier Upgrade]
[03:15:10] [Server thread/INFO]: Yazuu lost connection: Timed out
[03:15:10] [Server thread/INFO]: Yazuu left the game
[03:15:27] [Server thread/INFO]: Yazuu[/172.29.222.16:60226] logged in with entity id 289613 at (-2178.5593846771553, -25.0, 682.6683127923258)
[03:15:27] [Server thread/INFO]: Yazuu joined the game
[03:16:09] [Server thread/INFO]: [Yazuu: Teleported Mattute_uwu to Yazuu]
[03:17:17] [Server thread/WARN]: Can't keep up! Is the server overloaded? Running 2055ms or 41 ticks behind
[03:17:36] [Server thread/WARN]: Can't keep up! Is the server overloaded? Running 4140ms or 82 ticks behind
[03:18:01] [Server thread/INFO]: Mattute_uwu was slain by Zombie
[03:18:01] [Server thread/INFO]: Created new backpack backup file for Mattute_uwu with unique ID travelersbackpack.wither_30.08.2026-03.18.01.dat
[03:18:01] [Server thread/INFO]: Created new backpack backup file for Mattute_uwu with unique ID travelersbackpack.wither_30.08.2026-03.18.01.dat
[03:18:01] [Server thread/INFO]: Your backpack has been placed at X: -2202 Y: -32 Z: 723
[03:20:11] [Server thread/WARN]: Mismatch in destroy block pos: BlockPos{x=198, y=13, z=-240} BlockPos{x=198, y=13, z=-241}
[03:21:29] [Server thread/INFO]: Mattute_uwu has made the advancement [Ol' Betsy]
[03:22:36] [Server thread/INFO]: Mattute_uwu has made the advancement [Take Aim]
[03:24:01] [Server thread/WARN]: bohemia was kicked for floating too long!
[03:24:01] [Server thread/INFO]: bohemia lost connection: Flying is not enabled on this server
[03:24:01] [Server thread/INFO]: bohemia left the game
[03:24:25] [Server thread/INFO]: bohemia[/172.29.182.214:59721] logged in with entity id 295617 at (175.42439187763324, 12.166109260938216, -206.18421375863497)
[03:24:25] [Server thread/INFO]: bohemia joined the game
[03:25:07] [Server thread/INFO]: Yazuu was slain by Renesito
[03:25:07] [Server thread/INFO]: Created new backpack backup file for Yazuu with unique ID travelersbackpack.magma_cube_30.08.2026-03.25.07.dat
[03:25:07] [Server thread/INFO]: Created new backpack backup file for Yazuu with unique ID travelersbackpack.magma_cube_30.08.2026-03.25.07.dat
[03:25:07] [Server thread/INFO]: Your backpack has been placed at X: -2183 Y: -32 Z: 670
[03:25:13] [Server thread/INFO]: Yazuu lost connection: Timed out
[03:25:13] [Server thread/INFO]: Yazuu left the game
[03:25:23] [Server thread/INFO]: Yazuu[/172.29.222.16:60317] logged in with entity id 296222 at (-2183.3931742440445, -32.0, 670.7337664790866)
[03:25:23] [Server thread/INFO]: Yazuu joined the game
[03:25:58] [Server thread/INFO]: Renesito was slain by Yazuu
[03:25:58] [Server thread/INFO]: Created new backpack backup file for Renesito with unique ID travelersbackpack.magma_cube_30.08.2026-03.25.58.dat
[03:25:58] [Server thread/INFO]: Created new backpack backup file for Renesito with unique ID travelersbackpack.magma_cube_30.08.2026-03.25.58.dat
[03:25:58] [Server thread/INFO]: Your backpack has been placed at X: -2186 Y: -29 Z: 667
[03:26:04] [Server thread/INFO]: Mattute_uwu was slain by Yazuu
[03:26:04] [Server thread/INFO]: Created new backpack backup file for Mattute_uwu with unique ID travelersbackpack.wither_30.08.2026-03.26.04.dat
[03:26:04] [Server thread/INFO]: Created new backpack backup file for Mattute_uwu with unique ID travelersbackpack.wither_30.08.2026-03.26.04.dat
[03:26:04] [Server thread/INFO]: Your backpack has been placed at X: -2183 Y: -30 Z: 690
[03:26:51] [Server thread/INFO]: marinet45 was slain by Yazuu
[03:26:51] [Server thread/INFO]: Created new backpack backup file for marinet45 with unique ID travelersbackpack.magma_cube_30.08.2026-03.26.51.dat
[03:26:51] [Server thread/INFO]: Created new backpack backup file for marinet45 with unique ID travelersbackpack.magma_cube_30.08.2026-03.26.51.dat
[03:26:51] [Server thread/INFO]: Your backpack has been placed at X: -2176 Y: -25 Z: 664
[03:27:49] [Server thread/INFO]: Yazuu withered away while fighting marinet45
[03:29:02] [Server thread/WARN]: Can't keep up! Is the server overloaded? Running 3596ms or 71 ticks behind
[03:29:22] [Server thread/WARN]: Can't keep up! Is the server overloaded? Running 4822ms or 96 ticks behind
[03:32:06] [Server thread/WARN]: Mismatch in destroy block pos: BlockPos{x=192, y=6, z=-212} BlockPos{x=192, y=4, z=-209}
[03:32:06] [Server thread/WARN]: Mismatch in destroy block pos: BlockPos{x=192, y=6, z=-212} BlockPos{x=191, y=6, z=-212}
[03:32:07] [Server thread/WARN]: Mismatch in destroy block pos: BlockPos{x=192, y=6, z=-212} BlockPos{x=191, y=6, z=-212}
[03:32:07] [Server thread/WARN]: Mismatch in destroy block pos: BlockPos{x=192, y=6, z=-212} BlockPos{x=191, y=6, z=-212}
[03:32:07] [Server thread/WARN]: Mismatch in destroy block pos: BlockPos{x=192, y=6, z=-212} BlockPos{x=191, y=6, z=-212}
[03:32:07] [Server thread/WARN]: Mismatch in destroy block pos: BlockPos{x=192, y=6, z=-212} BlockPos{x=191, y=6, z=-212}
[03:32:07] [Server thread/WARN]: Mismatch in destroy block pos: BlockPos{x=192, y=6, z=-212} BlockPos{x=191, y=6, z=-212}
[03:32:07] [Server thread/WARN]: Mismatch in destroy block pos: BlockPos{x=192, y=6, z=-212} BlockPos{x=191, y=6, z=-212}
[03:32:07] [Server thread/WARN]: Mismatch in destroy block pos: BlockPos{x=192, y=6, z=-212} BlockPos{x=191, y=6, z=-212}
[03:32:07] [Server thread/WARN]: Mismatch in destroy block pos: BlockPos{x=192, y=6, z=-212} BlockPos{x=191, y=6, z=-212}
[03:32:17] [Server thread/WARN]: Mismatch in destroy block pos: BlockPos{x=187, y=5, z=-218} BlockPos{x=188, y=6, z=-217}
[03:32:22] [Server thread/WARN]: Mismatch in destroy block pos: BlockPos{x=185, y=5, z=-218} BlockPos{x=184, y=5, z=-218}
[03:34:42] [Server thread/INFO]: Mattute_uwu was slain by marinet45
[03:34:42] [Server thread/INFO]: Created new backpack backup file for Mattute_uwu with unique ID travelersbackpack.wither_30.08.2026-03.34.42.dat
[03:34:42] [Server thread/INFO]: Created new backpack backup file for Mattute_uwu with unique ID travelersbackpack.wither_30.08.2026-03.34.42.dat
[03:34:42] [Server thread/INFO]: Your backpack has been placed at X: -2177 Y: -32 Z: 711
[03:35:03] [Server thread/INFO]: marinet45 was slain by Renesito
[03:35:03] [Server thread/INFO]: Created new backpack backup file for marinet45 with unique ID travelersbackpack.magma_cube_30.08.2026-03.35.03.dat
[03:35:03] [Server thread/INFO]: Created new backpack backup file for marinet45 with unique ID travelersbackpack.magma_cube_30.08.2026-03.35.03.dat
[03:35:03] [Server thread/INFO]: Your backpack has been placed at X: -2200 Y: -37 Z: 710
[03:35:18] [Server thread/INFO]: Renesito was slain by marinet45
[03:35:18] [Server thread/INFO]: Created new backpack backup file for Renesito with unique ID travelersbackpack.bat_30.08.2026-03.35.18.dat
[03:35:18] [Server thread/INFO]: Created new backpack backup file for Renesito with unique ID travelersbackpack.bat_30.08.2026-03.35.18.dat
[03:35:18] [Server thread/INFO]: Your backpack has been placed at X: -2196 Y: -37 Z: 713
[03:35:37] [Server thread/WARN]: Yazuu moved too quickly! 9.84155245317379,0.0,-2.303757873406994
[03:36:09] [Server thread/INFO]: Renesito was shot by Bogged
[03:40:39] [Server thread/WARN]: Can't keep up! Is the server overloaded? Running 2000ms or 40 ticks behind
[03:40:55] [Server thread/INFO]: DraculaNew lost connection: Timed out
[03:40:55] [Server thread/INFO]: DraculaNew left the game
[03:40:55] [Server thread/WARN]: handleDisconnection() called twice
[03:40:57] [Server thread/WARN]: Can't keep up! Is the server overloaded? Running 3639ms or 72 ticks behind
[03:41:11] [Server thread/INFO]: DraculaNew[/172.29.103.188:60652] logged in with entity id 306235 at (441.4005818011056, 163.10652379758702, -1138.0131596064327)
[03:41:11] [Server thread/INFO]: DraculaNew joined the game
[03:43:32] [Server thread/WARN]: Mismatch in destroy block pos: BlockPos{x=182, y=9, z=-286} BlockPos{x=183, y=8, z=-286}
[03:44:49] [Server thread/WARN]: Mismatch in destroy block pos: BlockPos{x=188, y=9, z=-297} BlockPos{x=186, y=8, z=-297}
[03:44:50] [Server thread/WARN]: Mismatch in destroy block pos: BlockPos{x=187, y=9, z=-297} BlockPos{x=188, y=8, z=-297}
[03:44:50] [Server thread/WARN]: Mismatch in destroy block pos: BlockPos{x=187, y=9, z=-297} BlockPos{x=188, y=8, z=-297}
[03:44:50] [Server thread/WARN]: Mismatch in destroy block pos: BlockPos{x=187, y=9, z=-297} BlockPos{x=188, y=8, z=-297}
[03:44:50] [Server thread/WARN]: Mismatch in destroy block pos: BlockPos{x=187, y=9, z=-297} BlockPos{x=188, y=8, z=-297}
[03:44:50] [Server thread/WARN]: Mismatch in destroy block pos: BlockPos{x=187, y=9, z=-297} BlockPos{x=188, y=8, z=-297}
[03:44:50] [Server thread/WARN]: Mismatch in destroy block pos: BlockPos{x=185, y=9, z=-299} BlockPos{x=188, y=8, z=-297}
[03:44:50] [Server thread/WARN]: Mismatch in destroy block pos: BlockPos{x=185, y=9, z=-298} BlockPos{x=188, y=8, z=-297}
[03:44:50] [Server thread/WARN]: Mismatch in destroy block pos: BlockPos{x=187, y=9, z=-297} BlockPos{x=188, y=8, z=-297}
[03:45:30] [Server thread/INFO]: Mattute_uwu was slain by Husk
[03:45:30] [Server thread/INFO]: Created new backpack backup file for Mattute_uwu with unique ID travelersbackpack.wither_30.08.2026-03.45.30.dat
[03:45:30] [Server thread/INFO]: Created new backpack backup file for Mattute_uwu with unique ID travelersbackpack.wither_30.08.2026-03.45.30.dat
[03:45:30] [Server thread/INFO]: Your backpack has been placed at X: -2114 Y: -32 Z: 722
[03:46:02] [Server thread/WARN]: Mismatch in destroy block pos: BlockPos{x=122, y=13, z=-316} BlockPos{x=122, y=12, z=-316}
[03:46:15] [Server thread/WARN]: Mismatch in destroy block pos: BlockPos{x=103, y=14, z=-317} BlockPos{x=104, y=13, z=-317}
[03:46:15] [Server thread/WARN]: Mismatch in destroy block pos: BlockPos{x=103, y=14, z=-317} BlockPos{x=104, y=13, z=-317}
[03:46:15] [Server thread/WARN]: Mismatch in destroy block pos: BlockPos{x=103, y=14, z=-317} BlockPos{x=104, y=13, z=-317}
[03:46:15] [Server thread/WARN]: Mismatch in destroy block pos: BlockPos{x=103, y=14, z=-317} BlockPos{x=104, y=13, z=-317}
[03:46:31] [Server thread/INFO]: [Yazuu: Teleported Mattute_uwu to Yazuu]
[03:49:10] [Server thread/INFO]: Mattute_uwu withered away while fighting Renesito
[03:49:12] [Server thread/INFO]: Renesito was slain by Yazuu
[03:49:12] [Server thread/INFO]: Created new backpack backup file for Renesito with unique ID travelersbackpack.magma_cube_30.08.2026-03.49.12.dat
[03:49:12] [Server thread/INFO]: Created new backpack backup file for Renesito with unique ID travelersbackpack.magma_cube_30.08.2026-03.49.12.dat
[03:49:12] [Server thread/INFO]: Your backpack has been placed at X: -2131 Y: -27 Z: 710
[03:49:31] [Server thread/INFO]: [Yazuu: Teleported Renesito to Yazuu]
[03:49:32] [Server thread/INFO]: [Yazuu: Teleported Mattute_uwu to Yazuu]
[03:49:58] [Server thread/INFO]: Mattute_uwu was slain by marinet45
[03:50:10] [Server thread/INFO]: [Yazuu: Teleported Mattute_uwu to Yazuu]
[03:50:15] [Server thread/WARN]: Mismatch in destroy block pos: BlockPos{x=91, y=10, z=-328} BlockPos{x=94, y=7, z=-327}
[03:50:15] [Server thread/WARN]: Mismatch in destroy block pos: BlockPos{x=91, y=10, z=-328} BlockPos{x=94, y=7, z=-327}
[03:50:15] [Server thread/WARN]: Mismatch in destroy block pos: BlockPos{x=91, y=10, z=-328} BlockPos{x=94, y=7, z=-327}
[03:50:15] [Server thread/WARN]: Mismatch in destroy block pos: BlockPos{x=91, y=10, z=-328} BlockPos{x=94, y=7, z=-327}
[03:52:08] [Server thread/INFO]: Mattute_uwu was slain by Yazuu
[03:52:15] [Server thread/WARN]: Can't keep up! Is the server overloaded? Running 2026ms or 40 ticks behind
[03:52:19] [Server thread/INFO]: [Yazuu: Teleported Mattute_uwu to Yazuu]
[03:52:37] [Server thread/WARN]: Can't keep up! Is the server overloaded? Running 7208ms or 144 ticks behind
[03:55:47] [Server thread/INFO]: marinet45 was slain by Yazuu
[03:55:47] [Server thread/INFO]: Created new backpack backup file for marinet45 with unique ID travelersbackpack.spider_30.08.2026-03.55.47.dat
[03:55:47] [Server thread/INFO]: Created new backpack backup file for marinet45 with unique ID travelersbackpack.spider_30.08.2026-03.55.47.dat
[03:55:47] [Server thread/INFO]: Your backpack has been placed at X: -2166 Y: -30 Z: 707
[03:56:12] [Server thread/INFO]: DraculaNew lost connection: Disconnected
[03:56:12] [Server thread/INFO]: DraculaNew left the game
[03:56:27] [Server thread/INFO]: DraculaNew[/172.29.103.188:60821] logged in with entity id 316550 at (437.77041444696056, 163.0, -1141.6397004857724)
[03:56:27] [Server thread/INFO]: DraculaNew joined the game
[03:57:00] [Server thread/INFO]: Renesito was slain by Yazuu
[03:57:00] [Server thread/INFO]: Created new backpack backup file for Renesito with unique ID travelersbackpack.magma_cube_30.08.2026-03.57.00.dat
[03:57:00] [Server thread/INFO]: Created new backpack backup file for Renesito with unique ID travelersbackpack.magma_cube_30.08.2026-03.57.00.dat
[03:57:00] [Server thread/INFO]: Your backpack has been placed at X: -2171 Y: -32 Z: 710
[03:57:20] [Server thread/INFO]: marinet45 was slain by Yazuu
[03:57:57] [Server thread/WARN]: Mismatch in destroy block pos: BlockPos{x=51, y=13, z=-333} BlockPos{x=51, y=11, z=-332}
[03:58:02] [Server thread/INFO]: Renesito was slain by Zombie
[03:58:40] [Server thread/INFO]: DraculaNew lost connection: Disconnected
[03:58:40] [Server thread/INFO]: DraculaNew left the game
[04:01:30] [Server thread/WARN]: Mismatch in destroy block pos: BlockPos{x=48, y=6, z=-341} BlockPos{x=47, y=6, z=-342}
[04:04:04] [Server thread/WARN]: Can't keep up! Is the server overloaded? Running 2061ms or 41 ticks behind
[04:07:06] [Server thread/INFO]: Renesito lost connection: Disconnected
[04:07:06] [Server thread/INFO]: Renesito left the game
[04:07:15] [Server thread/INFO]: Renesito[/172.29.190.27:58743] logged in with entity id 323234 at (-102.32328407470312, 65.0, -213.14855081598023)
[04:07:15] [Server thread/INFO]: Renesito joined the game
[04:07:19] [Server thread/INFO]: Renesito lost connection: Disconnected
[04:07:19] [Server thread/INFO]: Renesito left the game
[04:08:05] [Server thread/INFO]: Renesito[/172.29.190.27:58843] logged in with entity id 324204 at (-102.32328407470312, 65.0, -213.14855081598023)
[04:08:05] [Server thread/INFO]: Renesito joined the game
[04:08:10] [Server thread/INFO]: Yazuu lost connection: Disconnected
[04:08:10] [Server thread/INFO]: Yazuu left the game
[04:08:37] [Server thread/INFO]: DraculaNew[/172.29.103.188:57731] logged in with entity id 324685 at (441.3310550595827, 163.0, -1134.94261732304)
[04:08:37] [Server thread/INFO]: DraculaNew joined the game
[04:11:04] [Server thread/INFO]: Mattute_uwu has made the advancement [Wax Off]
[04:11:15] [Server thread/INFO]: Yazuu[/172.29.222.16:64486] logged in with entity id 326557 at (-2165.1448221958262, -30.5, 713.9645819273611)
[04:11:15] [Server thread/INFO]: Yazuu joined the game
[04:11:21] [Server thread/INFO]: Yazuu lost connection: Disconnected
[04:11:21] [Server thread/INFO]: Yazuu left the game
[04:11:49] [Server thread/INFO]: Invalid name or UUID
[04:11:49] [Server thread/INFO]: kick Marinexxxxxxxxxxxxxxxxxxxxxxxxxxxxxxxxxxxxxxxxxxxxxxxxx<--[HERE]
[04:12:00] [Server thread/INFO]: marinet45 lost connection: Disconnected
[04:12:00] [Server thread/INFO]: marinet45 left the game
[04:12:11] [Server thread/INFO]: marinet45[/172.29.35.46:54839] logged in with entity id 327313 at (-2165.659676165938, -27.0, 712.2761830026092)
[04:12:11] [Server thread/INFO]: marinet45 joined the game
[04:12:24] [Server thread/INFO]: Incorrect argument for command
[04:12:24] [Server thread/INFO]: tp Marinet/tp marinet45 Draculanew<--[HERE]
[04:12:39] [Server thread/INFO]: Teleported marinet45 to DraculaNew
[04:12:50] [Server thread/INFO]: Yazuu[/172.29.222.16:64503] logged in with entity id 327814 at (-2165.300000011921, -31.0, 714.6999999880791)
[04:12:50] [Server thread/INFO]: Yazuu joined the game
[04:15:28] [Server thread/WARN]: Can't keep up! Is the server overloaded? Running 2027ms or 40 ticks behind
[04:15:52] [Server thread/WARN]: Can't keep up! Is the server overloaded? Running 9070ms or 181 ticks behind
[04:16:18] [Server thread/WARN]: Mismatch in destroy block pos: BlockPos{x=148, y=10, z=-221} BlockPos{x=149, y=9, z=-221}
[04:16:18] [Server thread/WARN]: Mismatch in destroy block pos: BlockPos{x=147, y=10, z=-221} BlockPos{x=147, y=9, z=-220}
[04:16:20] [Server thread/WARN]: Mismatch in destroy block pos: BlockPos{x=147, y=10, z=-221} BlockPos{x=147, y=9, z=-220}
[04:16:20] [Server thread/WARN]: Mismatch in destroy block pos: BlockPos{x=147, y=10, z=-221} BlockPos{x=147, y=9, z=-220}
[04:16:24] [Server thread/WARN]: Mismatch in destroy block pos: BlockPos{x=147, y=10, z=-220} BlockPos{x=148, y=9, z=-220}
[04:16:24] [Server thread/INFO]: Mattute_uwu lost connection: Timed out
[04:16:24] [Server thread/INFO]: Mattute_uwu left the game
[04:16:31] [Server thread/WARN]: Mismatch in destroy block pos: BlockPos{x=148, y=10, z=-220} BlockPos{x=149, y=10, z=-221}
[04:16:31] [Server thread/WARN]: Mismatch in destroy block pos: BlockPos{x=147, y=10, z=-220} BlockPos{x=149, y=10, z=-221}
[04:18:27] [Server thread/WARN]: bohemia moved too quickly! 9.874737769688323,-1.7570024632478116,1.596333313692753
[04:18:29] [Server thread/INFO]: [Not Secure] <Renesito> dios 3minutos picando un bloque de nederita
[04:19:50] [Server thread/WARN]: Yazuu was kicked for floating too long!
[04:19:50] [Server thread/INFO]: Yazuu lost connection: Flying is not enabled on this server
[04:19:50] [Server thread/INFO]: Yazuu left the game
[04:21:42] [Server thread/INFO]: marinet45 lost connection: Disconnected
[04:21:42] [Server thread/INFO]: marinet45 left the game
[04:22:47] [Server thread/INFO]: Yazuu[/172.29.222.16:64607] logged in with entity id 336386 at (76.5, 64.5, -1142.5)
[04:22:47] [Server thread/INFO]: Yazuu joined the game
[04:22:59] [Server thread/WARN]: Yazuu was kicked for floating too long!
[04:22:59] [Server thread/INFO]: Yazuu lost connection: Flying is not enabled on this server
[04:22:59] [Server thread/INFO]: Yazuu left the game
[04:23:01] [Server thread/INFO]: [Not Secure] <Renesito> quemala
[04:23:12] [Server thread/INFO]: Yazuu[/172.29.222.16:64619] logged in with entity id 336892 at (76.5, 64.5, -1142.5)
[04:23:12] [Server thread/INFO]: Yazuu joined the game
[04:23:52] [Server thread/WARN]: Mismatch in destroy block pos: BlockPos{x=99, y=15, z=-146} BlockPos{x=101, y=14, z=-146}
[04:25:11] [Server thread/INFO]: marinet45[/172.29.35.46:50873] logged in with entity id 339013 at (-1938.8105716608643, -51.0, 694.2580549609944)
[04:25:11] [Server thread/INFO]: marinet45 joined the game
[04:27:10] [Server thread/WARN]: Can't keep up! Is the server overloaded? Running 2016ms or 40 ticks behind
[04:27:30] [Server thread/WARN]: Can't keep up! Is the server overloaded? Running 5454ms or 109 ticks behind
[04:29:31] [Server thread/INFO]: [Yazuu: Teleported Renesito to Yazuu]
[04:29:54] [Server thread/INFO]: marinet45 was blown up by Creeper
[04:29:54] [Server thread/INFO]: Created new backpack backup file for marinet45 with unique ID travelersbackpack.magma_cube_30.08.2026-04.29.54.dat
[04:29:54] [Server thread/INFO]: Created new backpack backup file for marinet45 with unique ID travelersbackpack.magma_cube_30.08.2026-04.29.54.dat
[04:29:54] [Server thread/INFO]: Your backpack has been placed at X: 434 Y: 163 Z: -1139
[04:30:42] [Server thread/INFO]: Teleported marinet45 to Yazuu
[04:31:33] [Server thread/WARN]: Mismatch in destroy block pos: BlockPos{x=37, y=14, z=-126} BlockPos{x=35, y=14, z=-126}
[04:32:03] [Server thread/WARN]: Mismatch in destroy block pos: BlockPos{x=18, y=14, z=-126} BlockPos{x=17, y=14, z=-126}
[04:38:50] [Server thread/WARN]: marinet45 moved too quickly! 1.1042093722205664,-12.487512062367074,0.5535491524622103
[04:38:54] [Server thread/WARN]: Can't keep up! Is the server overloaded? Running 2022ms or 40 ticks behind
[04:39:13] [Server thread/WARN]: Can't keep up! Is the server overloaded? Running 3658ms or 73 ticks behind
[04:40:11] [Server thread/WARN]: Yazuu moved too quickly! 0.24046850636437966,-10.443431670534778,3.504506096514433
[04:42:33] [Server thread/INFO]: Yazuu fell from a high place
[04:42:33] [Server thread/INFO]: Created new backpack backup file for Yazuu with unique ID travelersbackpack.magma_cube_30.08.2026-04.42.33.dat
[04:42:33] [Server thread/INFO]: Created new backpack backup file for Yazuu with unique ID travelersbackpack.magma_cube_30.08.2026-04.42.33.dat
[04:42:33] [Server thread/INFO]: Your backpack has been placed at X: -284 Y: 67 Z: -1150
[04:43:20] [Server thread/INFO]: Yazuu was slain by Zombie
[04:45:42] [Server thread/WARN]: Mismatch in destroy block pos: BlockPos{x=-40, y=15, z=-143} BlockPos{x=-41, y=15, z=-143}
[04:48:27] [Server thread/INFO]: Yazuu was slain by marinet45
[04:50:33] [Server thread/WARN]: Can't keep up! Is the server overloaded? Running 2013ms or 40 ticks behind
[04:50:59] [Server thread/WARN]: Can't keep up! Is the server overloaded? Running 11112ms or 222 ticks behind
[04:51:26] [Server thread/INFO]: Yazuu withered away while fighting marinet45
[05:00:26] [Server thread/INFO]: Yazuu was slain by marinet45
[05:01:38] [Server thread/INFO]: [Yazuu: Teleported marinet45 to 3000.500000, 70.000000, 3000.500000]
[05:02:25] [Server thread/WARN]: Can't keep up! Is the server overloaded? Running 2030ms or 40 ticks behind
[05:02:45] [Server thread/INFO]: Renesito lost connection: Disconnected
[05:02:45] [Server thread/INFO]: Renesito left the game
[05:02:53] [Server thread/WARN]: Can't keep up! Is the server overloaded? Running 12844ms or 256 ticks behind
[05:06:50] [Server thread/INFO]: [Yazuu: Teleported bohemia to Yazuu]
[05:07:02] [Server thread/INFO]: [Yazuu: Teleported bohemia to Yazuu]
[05:08:19] [Server thread/WARN]: Mismatch in destroy block pos: BlockPos{x=1358, y=80, z=1891} BlockPos{x=1357, y=78, z=1891}
[05:08:19] [Server thread/WARN]: Mismatch in destroy block pos: BlockPos{x=1358, y=80, z=1891} BlockPos{x=1357, y=78, z=1891}
[05:08:19] [Server thread/WARN]: Mismatch in destroy block pos: BlockPos{x=1358, y=80, z=1891} BlockPos{x=1357, y=78, z=1891}
[05:08:19] [Server thread/WARN]: Mismatch in destroy block pos: BlockPos{x=1356, y=80, z=1891} BlockPos{x=1355, y=78, z=1890}
[05:08:19] [Server thread/WARN]: Mismatch in destroy block pos: BlockPos{x=1356, y=80, z=1891} BlockPos{x=1355, y=78, z=1890}
[05:08:19] [Server thread/WARN]: Mismatch in destroy block pos: BlockPos{x=1356, y=80, z=1891} BlockPos{x=1355, y=78, z=1890}
[05:08:19] [Server thread/WARN]: Mismatch in destroy block pos: BlockPos{x=1356, y=80, z=1891} BlockPos{x=1355, y=78, z=1890}
[05:08:20] [Server thread/WARN]: Mismatch in destroy block pos: BlockPos{x=1356, y=80, z=1891} BlockPos{x=1355, y=78, z=1890}
[05:08:20] [Server thread/WARN]: Mismatch in destroy block pos: BlockPos{x=1356, y=80, z=1891} BlockPos{x=1355, y=78, z=1890}
[05:08:20] [Server thread/WARN]: Mismatch in destroy block pos: BlockPos{x=1356, y=80, z=1891} BlockPos{x=1355, y=78, z=1890}
[05:08:20] [Server thread/WARN]: Mismatch in destroy block pos: BlockPos{x=1356, y=80, z=1891} BlockPos{x=1355, y=78, z=1890}
[05:08:20] [Server thread/WARN]: Mismatch in destroy block pos: BlockPos{x=1351, y=80, z=1890} BlockPos{x=1351, y=78, z=1889}
[05:08:20] [Server thread/WARN]: Mismatch in destroy block pos: BlockPos{x=1351, y=80, z=1890} BlockPos{x=1351, y=78, z=1889}
[05:08:20] [Server thread/WARN]: Mismatch in destroy block pos: BlockPos{x=1350, y=79, z=1889} BlockPos{x=1351, y=78, z=1889}
[05:08:38] [Server thread/WARN]: Mismatch in destroy block pos: BlockPos{x=233, y=63, z=-1134} BlockPos{x=232, y=62, z=-1134}
[05:08:38] [Server thread/WARN]: Mismatch in destroy block pos: BlockPos{x=233, y=63, z=-1134} BlockPos{x=232, y=62, z=-1134}
[05:08:39] [Server thread/WARN]: Mismatch in destroy block pos: BlockPos{x=233, y=63, z=-1132} BlockPos{x=234, y=62, z=-1132}
[05:08:39] [Server thread/WARN]: Mismatch in destroy block pos: BlockPos{x=233, y=63, z=-1132} BlockPos{x=234, y=62, z=-1132}
[05:08:44] [Server thread/WARN]: Mismatch in destroy block pos: BlockPos{x=236, y=65, z=-1133} BlockPos{x=236, y=64, z=-1132}
[05:09:36] [Server thread/INFO]: [Yazuu: Teleported marinet45 to Yazuu]
[05:10:16] [Server thread/INFO]: marinet45 was slain by Yazuu
[05:10:16] [Server thread/INFO]: Created new backpack backup file for marinet45 with unique ID travelersbackpack.magma_cube_30.08.2026-05.10.16.dat
[05:10:16] [Server thread/INFO]: Created new backpack backup file for marinet45 with unique ID travelersbackpack.magma_cube_30.08.2026-05.10.16.dat
[05:10:16] [Server thread/INFO]: Your backpack has been placed at X: -1919 Y: -53 Z: 682
[05:13:16] [Server thread/WARN]: Mismatch in destroy block pos: BlockPos{x=186, y=62, z=-1192} BlockPos{x=185, y=62, z=-1192}
[05:14:05] [Server thread/INFO]: DraculaNew was slain by marinet45
[05:14:05] [Server thread/INFO]: Created new backpack backup file for DraculaNew with unique ID travelersbackpack.spider_30.08.2026-05.14.05.dat
[05:14:05] [Server thread/INFO]: Created new backpack backup file for DraculaNew with unique ID travelersbackpack.spider_30.08.2026-05.14.05.dat
[05:14:05] [Server thread/INFO]: Your backpack has been placed at X: 187 Y: 63 Z: -1202
[05:14:27] [Server thread/INFO]: marinet45 lost connection: Disconnected
[05:14:27] [Server thread/INFO]: marinet45 left the game
[05:22:41] [Server thread/WARN]: Mismatch in destroy block pos: BlockPos{x=211, y=63, z=-1172} BlockPos{x=212, y=62, z=-1171}
[05:27:39] [Server thread/WARN]: Mismatch in destroy block pos: BlockPos{x=228, y=62, z=-1169} BlockPos{x=227, y=63, z=-1169}
[05:27:40] [Server thread/WARN]: Mismatch in destroy block pos: BlockPos{x=230, y=63, z=-1168} BlockPos{x=232, y=62, z=-1169}
[05:27:42] [Server thread/WARN]: Mismatch in destroy block pos: BlockPos{x=230, y=61, z=-1172} BlockPos{x=229, y=61, z=-1173}
[05:28:45] [Server thread/INFO]: DraculaNew lost connection: Disconnected
[05:28:45] [Server thread/INFO]: DraculaNew left the game
[05:31:27] [Server thread/INFO]: DraculaNew[/172.29.103.188:53225] logged in with entity id 405164 at (224.01368210238067, 62.0, -1166.139390785505)
[05:31:27] [Server thread/INFO]: DraculaNew joined the game
[05:36:54] [Server thread/WARN]: Mismatch in destroy block pos: BlockPos{x=228, y=65, z=-1122} BlockPos{x=230, y=64, z=-1124}
[05:36:54] [Server thread/WARN]: Mismatch in destroy block pos: BlockPos{x=228, y=65, z=-1122} BlockPos{x=230, y=64, z=-1124}
[05:36:54] [Server thread/WARN]: Mismatch in destroy block pos: BlockPos{x=228, y=65, z=-1122} BlockPos{x=230, y=64, z=-1124}
[05:36:55] [Server thread/WARN]: Mismatch in destroy block pos: BlockPos{x=228, y=65, z=-1122} BlockPos{x=230, y=64, z=-1124}
[05:36:55] [Server thread/WARN]: Mismatch in destroy block pos: BlockPos{x=228, y=65, z=-1122} BlockPos{x=230, y=64, z=-1124}
[05:36:55] [Server thread/WARN]: Mismatch in destroy block pos: BlockPos{x=228, y=65, z=-1122} BlockPos{x=230, y=64, z=-1124}
[05:36:55] [Server thread/WARN]: Mismatch in destroy block pos: BlockPos{x=228, y=65, z=-1122} BlockPos{x=230, y=64, z=-1124}
[05:36:55] [Server thread/WARN]: Mismatch in destroy block pos: BlockPos{x=228, y=65, z=-1122} BlockPos{x=230, y=64, z=-1124}
[05:36:55] [Server thread/WARN]: Mismatch in destroy block pos: BlockPos{x=228, y=65, z=-1122} BlockPos{x=230, y=64, z=-1124}
[05:36:55] [Server thread/WARN]: Mismatch in destroy block pos: BlockPos{x=228, y=65, z=-1122} BlockPos{x=230, y=64, z=-1124}
[05:36:55] [Server thread/WARN]: Mismatch in destroy block pos: BlockPos{x=228, y=65, z=-1122} BlockPos{x=230, y=64, z=-1124}
[05:44:16] [Server thread/WARN]: Mismatch in destroy block pos: BlockPos{x=223, y=63, z=-1177} BlockPos{x=222, y=62, z=-1177}
[05:44:30] [Server thread/WARN]: Mismatch in destroy block pos: BlockPos{x=209, y=63, z=-1186} BlockPos{x=208, y=62, z=-1186}
[05:44:34] [Server thread/WARN]: Mismatch in destroy block pos: BlockPos{x=206, y=64, z=-1190} BlockPos{x=206, y=62, z=-1191}
[05:44:55] [Server thread/WARN]: Mismatch in destroy block pos: BlockPos{x=219, y=65, z=-1181} BlockPos{x=219, y=63, z=-1180}
[05:44:55] [Server thread/WARN]: Mismatch in destroy block pos: BlockPos{x=219, y=65, z=-1181} BlockPos{x=219, y=63, z=-1180}
[05:44:55] [Server thread/WARN]: Mismatch in destroy block pos: BlockPos{x=219, y=65, z=-1181} BlockPos{x=219, y=63, z=-1180}
[05:44:55] [Server thread/WARN]: Mismatch in destroy block pos: BlockPos{x=219, y=65, z=-1181} BlockPos{x=219, y=63, z=-1180}
[05:44:55] [Server thread/WARN]: Mismatch in destroy block pos: BlockPos{x=219, y=65, z=-1181} BlockPos{x=219, y=63, z=-1180}
[05:45:02] [Server thread/WARN]: Mismatch in destroy block pos: BlockPos{x=222, y=65, z=-1191} BlockPos{x=223, y=65, z=-1190}
[05:45:09] [Server thread/WARN]: DraculaNew moved wrongly!
[05:45:09] [Server thread/WARN]: Mismatch in destroy block pos: BlockPos{x=226, y=65, z=-1187} BlockPos{x=225, y=65, z=-1186}
[05:45:11] [Server thread/WARN]: Mismatch in destroy block pos: BlockPos{x=229, y=66, z=-1191} BlockPos{x=228, y=65, z=-1189}
[05:45:14] [Server thread/WARN]: Mismatch in destroy block pos: BlockPos{x=228, y=67, z=-1188} BlockPos{x=228, y=65, z=-1189}
[05:48:03] [Server thread/WARN]: Mismatch in destroy block pos: BlockPos{x=219, y=64, z=-1187} BlockPos{x=220, y=64, z=-1186}
[06:13:11] [Server thread/INFO]: bohemia lost connection: Timed out
[06:13:11] [Server thread/INFO]: bohemia left the game
[06:13:11] [Server thread/WARN]: DraculaNew moved too quickly! 4.928207672713256,0.0,8.853305211310271
[06:13:11] [Server thread/WARN]: handleDisconnection() called twice
[06:13:23] [Server thread/INFO]: bohemia[/172.29.182.214:51276] logged in with entity id 426614 at (62.4364764684389, 106.0, -331.8473927276972)
[06:13:23] [Server thread/INFO]: bohemia joined the game
[06:35:49] [Server thread/WARN]: Yazuu moved too quickly! 0.7829531702897725,-15.39213320139551,-0.989747648177854
[06:51:27] [Server thread/WARN]: Mismatch in destroy block pos: BlockPos{x=-109, y=71, z=-953} BlockPos{x=-110, y=69, z=-951}
[06:51:28] [Server thread/WARN]: Mismatch in destroy block pos: BlockPos{x=-108, y=72, z=-948} BlockPos{x=-108, y=70, z=-952}
[06:51:28] [Server thread/WARN]: Mismatch in destroy block pos: BlockPos{x=-108, y=71, z=-946} BlockPos{x=-108, y=70, z=-952}
[06:51:28] [Server thread/WARN]: Mismatch in destroy block pos: BlockPos{x=-109, y=71, z=-946} BlockPos{x=-108, y=70, z=-952}
[06:51:28] [Server thread/WARN]: Mismatch in destroy block pos: BlockPos{x=-110, y=71, z=-947} BlockPos{x=-108, y=70, z=-952}
[06:51:28] [Server thread/WARN]: Mismatch in destroy block pos: BlockPos{x=-107, y=71, z=-948} BlockPos{x=-108, y=70, z=-952}
[06:51:29] [Server thread/WARN]: Mismatch in destroy block pos: BlockPos{x=-107, y=71, z=-947} BlockPos{x=-107, y=71, z=-949}
[06:51:29] [Server thread/WARN]: Mismatch in destroy block pos: BlockPos{x=-107, y=71, z=-947} BlockPos{x=-107, y=71, z=-949}
[06:51:29] [Server thread/WARN]: Mismatch in destroy block pos: BlockPos{x=-107, y=71, z=-947} BlockPos{x=-107, y=71, z=-949}
[06:51:29] [Server thread/WARN]: Mismatch in destroy block pos: BlockPos{x=-107, y=71, z=-947} BlockPos{x=-107, y=71, z=-949}
[06:51:29] [Server thread/WARN]: Mismatch in destroy block pos: BlockPos{x=-107, y=71, z=-947} BlockPos{x=-107, y=71, z=-949}
[06:51:29] [Server thread/WARN]: Mismatch in destroy block pos: BlockPos{x=-107, y=71, z=-947} BlockPos{x=-107, y=71, z=-949}
[06:51:29] [Server thread/WARN]: Mismatch in destroy block pos: BlockPos{x=-107, y=71, z=-947} BlockPos{x=-107, y=71, z=-949}
[06:51:29] [Server thread/WARN]: Mismatch in destroy block pos: BlockPos{x=-107, y=71, z=-947} BlockPos{x=-107, y=71, z=-949}
[06:51:29] [Server thread/WARN]: Mismatch in destroy block pos: BlockPos{x=-107, y=71, z=-947} BlockPos{x=-107, y=71, z=-949}
[06:51:29] [Server thread/WARN]: Mismatch in destroy block pos: BlockPos{x=-107, y=71, z=-947} BlockPos{x=-107, y=71, z=-949}
[06:51:29] [Server thread/WARN]: Mismatch in destroy block pos: BlockPos{x=-107, y=71, z=-947} BlockPos{x=-107, y=71, z=-949}
[06:51:29] [Server thread/WARN]: Mismatch in destroy block pos: BlockPos{x=-107, y=71, z=-947} BlockPos{x=-107, y=71, z=-949}
[06:51:30] [Server thread/WARN]: Mismatch in destroy block pos: BlockPos{x=-108, y=72, z=-947} BlockPos{x=-107, y=71, z=-947}
[06:51:31] [Server thread/WARN]: Mismatch in destroy block pos: BlockPos{x=-110, y=72, z=-944} BlockPos{x=-108, y=72, z=-947}
[06:51:31] [Server thread/WARN]: Mismatch in destroy block pos: BlockPos{x=-110, y=73, z=-945} BlockPos{x=-108, y=72, z=-947}
[06:51:31] [Server thread/WARN]: Mismatch in destroy block pos: BlockPos{x=-110, y=73, z=-945} BlockPos{x=-108, y=72, z=-947}
[06:51:31] [Server thread/WARN]: Mismatch in destroy block pos: BlockPos{x=-110, y=73, z=-945} BlockPos{x=-108, y=72, z=-947}
[06:51:31] [Server thread/WARN]: Mismatch in destroy block pos: BlockPos{x=-110, y=70, z=-945} BlockPos{x=-108, y=72, z=-947}
[06:51:36] [Server thread/WARN]: Mismatch in destroy block pos: BlockPos{x=-105, y=71, z=-952} BlockPos{x=-107, y=69, z=-951}
[06:51:37] [Server thread/WARN]: Mismatch in destroy block pos: BlockPos{x=-105, y=71, z=-949} BlockPos{x=-107, y=69, z=-951}
[06:51:40] [Server thread/WARN]: Mismatch in destroy block pos: BlockPos{x=-103, y=73, z=-947} BlockPos{x=-106, y=69, z=-948}
[06:51:40] [Server thread/WARN]: Mismatch in destroy block pos: BlockPos{x=-103, y=73, z=-947} BlockPos{x=-106, y=69, z=-948}
[06:51:40] [Server thread/WARN]: Mismatch in destroy block pos: BlockPos{x=-103, y=73, z=-947} BlockPos{x=-106, y=69, z=-948}
[06:51:45] [Server thread/WARN]: Mismatch in destroy block pos: BlockPos{x=-103, y=71, z=-944} BlockPos{x=-103, y=69, z=-943}
[06:51:45] [Server thread/WARN]: Mismatch in destroy block pos: BlockPos{x=-103, y=71, z=-944} BlockPos{x=-103, y=69, z=-943}
[06:51:46] [Server thread/WARN]: Mismatch in destroy block pos: BlockPos{x=-103, y=71, z=-944} BlockPos{x=-103, y=69, z=-943}
[06:51:46] [Server thread/WARN]: Mismatch in destroy block pos: BlockPos{x=-103, y=71, z=-944} BlockPos{x=-103, y=69, z=-943}
[06:51:46] [Server thread/WARN]: Mismatch in destroy block pos: BlockPos{x=-103, y=71, z=-944} BlockPos{x=-103, y=69, z=-943}
[06:51:46] [Server thread/WARN]: Mismatch in destroy block pos: BlockPos{x=-103, y=71, z=-944} BlockPos{x=-103, y=69, z=-943}
[06:51:50] [Server thread/WARN]: Mismatch in destroy block pos: BlockPos{x=-109, y=72, z=-944} BlockPos{x=-109, y=71, z=-945}
[06:51:51] [Server thread/WARN]: Mismatch in destroy block pos: BlockPos{x=-110, y=70, z=-944} BlockPos{x=-110, y=70, z=-945}
[06:51:56] [Server thread/WARN]: Mismatch in destroy block pos: BlockPos{x=-105, y=72, z=-940} BlockPos{x=-105, y=69, z=-941}
[06:51:56] [Server thread/WARN]: Mismatch in destroy block pos: BlockPos{x=-105, y=72, z=-940} BlockPos{x=-105, y=72, z=-939}
[06:51:56] [Server thread/WARN]: Mismatch in destroy block pos: BlockPos{x=-105, y=72, z=-939} BlockPos{x=-105, y=72, z=-938}
[06:52:05] [Server thread/WARN]: Mismatch in destroy block pos: BlockPos{x=-108, y=73, z=-957} BlockPos{x=-108, y=69, z=-954}
[06:52:05] [Server thread/WARN]: Mismatch in destroy block pos: BlockPos{x=-108, y=73, z=-957} BlockPos{x=-108, y=69, z=-954}
[06:52:05] [Server thread/WARN]: Mismatch in destroy block pos: BlockPos{x=-108, y=73, z=-957} BlockPos{x=-108, y=69, z=-954}
[06:52:05] [Server thread/WARN]: Mismatch in destroy block pos: BlockPos{x=-108, y=73, z=-957} BlockPos{x=-108, y=69, z=-954}
[06:52:05] [Server thread/WARN]: Mismatch in destroy block pos: BlockPos{x=-108, y=73, z=-957} BlockPos{x=-108, y=69, z=-954}
[06:52:05] [Server thread/WARN]: Mismatch in destroy block pos: BlockPos{x=-108, y=73, z=-957} BlockPos{x=-108, y=69, z=-954}
[06:52:05] [Server thread/WARN]: Mismatch in destroy block pos: BlockPos{x=-108, y=73, z=-957} BlockPos{x=-108, y=69, z=-954}
[06:52:05] [Server thread/WARN]: Mismatch in destroy block pos: BlockPos{x=-108, y=73, z=-957} BlockPos{x=-108, y=69, z=-954}
[06:52:05] [Server thread/WARN]: Mismatch in destroy block pos: BlockPos{x=-106, y=70, z=-955} BlockPos{x=-108, y=69, z=-954}
[06:52:05] [Server thread/WARN]: Mismatch in destroy block pos: BlockPos{x=-106, y=73, z=-955} BlockPos{x=-108, y=69, z=-954}
[06:52:06] [Server thread/WARN]: Mismatch in destroy block pos: BlockPos{x=-105, y=69, z=-953} BlockPos{x=-104, y=69, z=-953}
[06:52:06] [Server thread/WARN]: Mismatch in destroy block pos: BlockPos{x=-105, y=69, z=-953} BlockPos{x=-104, y=69, z=-953}
[06:52:06] [Server thread/WARN]: Mismatch in destroy block pos: BlockPos{x=-105, y=69, z=-953} BlockPos{x=-104, y=69, z=-953}
[06:52:06] [Server thread/WARN]: Mismatch in destroy block pos: BlockPos{x=-103, y=71, z=-953} BlockPos{x=-104, y=69, z=-953}
[06:52:09] [Server thread/WARN]: Mismatch in destroy block pos: BlockPos{x=-114, y=69, z=-945} BlockPos{x=-116, y=68, z=-942}
[06:52:24] [Server thread/WARN]: Mismatch in destroy block pos: BlockPos{x=-109, y=70, z=-944} BlockPos{x=-110, y=70, z=-944}
[06:52:24] [Server thread/WARN]: Mismatch in destroy block pos: BlockPos{x=-110, y=70, z=-944} BlockPos{x=-110, y=69, z=-943}
[06:52:25] [Server thread/WARN]: Mismatch in destroy block pos: BlockPos{x=-106, y=70, z=-959} BlockPos{x=-107, y=70, z=-960}
[06:52:25] [Server thread/WARN]: Mismatch in destroy block pos: BlockPos{x=-106, y=70, z=-959} BlockPos{x=-107, y=70, z=-960}
[06:52:25] [Server thread/WARN]: Mismatch in destroy block pos: BlockPos{x=-106, y=70, z=-959} BlockPos{x=-107, y=70, z=-960}
[06:52:25] [Server thread/WARN]: Mismatch in destroy block pos: BlockPos{x=-106, y=70, z=-959} BlockPos{x=-107, y=70, z=-960}
[06:52:25] [Server thread/WARN]: Mismatch in destroy block pos: BlockPos{x=-106, y=70, z=-959} BlockPos{x=-107, y=70, z=-960}
[06:52:25] [Server thread/WARN]: Mismatch in destroy block pos: BlockPos{x=-106, y=70, z=-959} BlockPos{x=-107, y=70, z=-960}
[06:52:26] [Server thread/WARN]: Mismatch in destroy block pos: BlockPos{x=-106, y=70, z=-958} BlockPos{x=-106, y=70, z=-959}
[06:52:26] [Server thread/WARN]: Mismatch in destroy block pos: BlockPos{x=-106, y=70, z=-959} BlockPos{x=-108, y=69, z=-959}
[06:52:26] [Server thread/WARN]: Mismatch in destroy block pos: BlockPos{x=-105, y=70, z=-959} BlockPos{x=-108, y=69, z=-959}
[06:52:30] [Server thread/WARN]: Mismatch in destroy block pos: BlockPos{x=-106, y=69, z=-959} BlockPos{x=-106, y=69, z=-960}
[06:52:30] [Server thread/WARN]: Mismatch in destroy block pos: BlockPos{x=-106, y=69, z=-959} BlockPos{x=-106, y=69, z=-960}
[06:52:30] [Server thread/WARN]: Mismatch in destroy block pos: BlockPos{x=-106, y=69, z=-959} BlockPos{x=-106, y=69, z=-960}
[06:52:30] [Server thread/WARN]: Mismatch in destroy block pos: BlockPos{x=-106, y=69, z=-959} BlockPos{x=-106, y=69, z=-960}
[06:52:30] [Server thread/WARN]: Mismatch in destroy block pos: BlockPos{x=-106, y=69, z=-959} BlockPos{x=-106, y=69, z=-960}
[06:52:30] [Server thread/WARN]: Mismatch in destroy block pos: BlockPos{x=-106, y=69, z=-959} BlockPos{x=-106, y=69, z=-960}
[06:52:30] [Server thread/WARN]: Mismatch in destroy block pos: BlockPos{x=-106, y=69, z=-959} BlockPos{x=-106, y=69, z=-960}
[06:52:30] [Server thread/WARN]: Mismatch in destroy block pos: BlockPos{x=-106, y=69, z=-959} BlockPos{x=-106, y=69, z=-960}
[06:52:30] [Server thread/WARN]: Mismatch in destroy block pos: BlockPos{x=-106, y=69, z=-959} BlockPos{x=-106, y=69, z=-960}
[06:52:30] [Server thread/WARN]: Mismatch in destroy block pos: BlockPos{x=-106, y=69, z=-959} BlockPos{x=-106, y=69, z=-960}
[06:52:30] [Server thread/WARN]: Mismatch in destroy block pos: BlockPos{x=-106, y=69, z=-959} BlockPos{x=-106, y=69, z=-960}
[06:52:30] [Server thread/WARN]: Mismatch in destroy block pos: BlockPos{x=-106, y=69, z=-959} BlockPos{x=-106, y=69, z=-960}
[06:52:30] [Server thread/WARN]: Mismatch in destroy block pos: BlockPos{x=-106, y=69, z=-959} BlockPos{x=-106, y=69, z=-960}
[06:52:30] [Server thread/WARN]: Mismatch in destroy block pos: BlockPos{x=-106, y=69, z=-959} BlockPos{x=-106, y=69, z=-960}
[06:52:30] [Server thread/WARN]: Mismatch in destroy block pos: BlockPos{x=-106, y=69, z=-959} BlockPos{x=-106, y=69, z=-960}
[06:52:30] [Server thread/WARN]: Mismatch in destroy block pos: BlockPos{x=-106, y=69, z=-959} BlockPos{x=-106, y=69, z=-960}
[06:52:30] [Server thread/WARN]: Mismatch in destroy block pos: BlockPos{x=-106, y=69, z=-959} BlockPos{x=-106, y=69, z=-960}
[06:52:30] [Server thread/WARN]: Mismatch in destroy block pos: BlockPos{x=-106, y=69, z=-959} BlockPos{x=-106, y=69, z=-960}
[06:52:50] [Server thread/WARN]: Mismatch in destroy block pos: BlockPos{x=-98, y=69, z=-953} BlockPos{x=-99, y=69, z=-954}
[06:52:51] [Server thread/WARN]: Mismatch in destroy block pos: BlockPos{x=-100, y=69, z=-952} BlockPos{x=-100, y=68, z=-953}
[06:52:56] [Server thread/WARN]: Mismatch in destroy block pos: BlockPos{x=-102, y=73, z=-937} BlockPos{x=-101, y=70, z=-934}
[06:53:04] [Server thread/WARN]: Mismatch in destroy block pos: BlockPos{x=-98, y=72, z=-941} BlockPos{x=-97, y=69, z=-943}
[06:53:11] [Server thread/WARN]: Mismatch in destroy block pos: BlockPos{x=-98, y=73, z=-941} BlockPos{x=-97, y=69, z=-941}
[06:53:13] [Server thread/WARN]: Mismatch in destroy block pos: BlockPos{x=-98, y=72, z=-938} BlockPos{x=-97, y=69, z=-938}
[06:53:13] [Server thread/WARN]: Mismatch in destroy block pos: BlockPos{x=-98, y=72, z=-938} BlockPos{x=-97, y=69, z=-938}
[06:53:13] [Server thread/WARN]: Mismatch in destroy block pos: BlockPos{x=-97, y=72, z=-937} BlockPos{x=-97, y=69, z=-938}
[06:53:19] [Server thread/WARN]: Mismatch in destroy block pos: BlockPos{x=-93, y=70, z=-940} BlockPos{x=-93, y=69, z=-940}
[06:53:19] [Server thread/WARN]: Mismatch in destroy block pos: BlockPos{x=-93, y=70, z=-940} BlockPos{x=-93, y=69, z=-940}
[06:53:19] [Server thread/WARN]: Mismatch in destroy block pos: BlockPos{x=-93, y=70, z=-940} BlockPos{x=-93, y=69, z=-940}
[06:53:19] [Server thread/WARN]: Mismatch in destroy block pos: BlockPos{x=-93, y=70, z=-940} BlockPos{x=-93, y=69, z=-940}
[06:53:19] [Server thread/WARN]: Mismatch in destroy block pos: BlockPos{x=-93, y=70, z=-940} BlockPos{x=-93, y=69, z=-940}
[06:53:19] [Server thread/WARN]: Mismatch in destroy block pos: BlockPos{x=-105, y=73, z=-930} BlockPos{x=-105, y=70, z=-929}
[06:53:23] [Server thread/WARN]: Mismatch in destroy block pos: BlockPos{x=-93, y=69, z=-948} BlockPos{x=-92, y=68, z=-947}
[06:53:32] [Server thread/WARN]: Mismatch in destroy block pos: BlockPos{x=-101, y=72, z=-925} BlockPos{x=-101, y=69, z=-925}
[06:53:52] [Server thread/WARN]: Mismatch in destroy block pos: BlockPos{x=-91, y=70, z=-942} BlockPos{x=-88, y=67, z=-942}
[06:54:10] [Server thread/WARN]: Mismatch in destroy block pos: BlockPos{x=-97, y=72, z=-934} BlockPos{x=-97, y=69, z=-936}
[06:54:10] [Server thread/WARN]: Mismatch in destroy block pos: BlockPos{x=-97, y=72, z=-934} BlockPos{x=-97, y=69, z=-936}
[06:54:10] [Server thread/WARN]: Mismatch in destroy block pos: BlockPos{x=-97, y=72, z=-934} BlockPos{x=-97, y=69, z=-936}
[06:54:10] [Server thread/WARN]: Mismatch in destroy block pos: BlockPos{x=-97, y=72, z=-934} BlockPos{x=-97, y=69, z=-936}
[06:54:10] [Server thread/WARN]: Mismatch in destroy block pos: BlockPos{x=-97, y=72, z=-934} BlockPos{x=-97, y=69, z=-936}
[06:54:10] [Server thread/WARN]: Mismatch in destroy block pos: BlockPos{x=-97, y=72, z=-934} BlockPos{x=-97, y=69, z=-936}
[06:54:10] [Server thread/WARN]: Mismatch in destroy block pos: BlockPos{x=-97, y=72, z=-934} BlockPos{x=-97, y=69, z=-936}
[06:54:11] [Server thread/WARN]: Mismatch in destroy block pos: BlockPos{x=-97, y=72, z=-934} BlockPos{x=-97, y=69, z=-936}
[06:54:11] [Server thread/WARN]: Mismatch in destroy block pos: BlockPos{x=-97, y=72, z=-934} BlockPos{x=-97, y=69, z=-936}
[06:54:11] [Server thread/WARN]: Mismatch in destroy block pos: BlockPos{x=-97, y=72, z=-934} BlockPos{x=-97, y=69, z=-936}
[06:54:11] [Server thread/WARN]: Mismatch in destroy block pos: BlockPos{x=-97, y=72, z=-934} BlockPos{x=-97, y=69, z=-936}
[06:54:11] [Server thread/WARN]: Mismatch in destroy block pos: BlockPos{x=-97, y=72, z=-934} BlockPos{x=-97, y=69, z=-936}
[06:54:12] [Server thread/WARN]: Mismatch in destroy block pos: BlockPos{x=-93, y=69, z=-937} BlockPos{x=-93, y=70, z=-938}
[06:54:12] [Server thread/WARN]: Mismatch in destroy block pos: BlockPos{x=-93, y=69, z=-937} BlockPos{x=-93, y=70, z=-938}
[06:54:12] [Server thread/WARN]: Mismatch in destroy block pos: BlockPos{x=-93, y=69, z=-937} BlockPos{x=-93, y=70, z=-938}
[06:54:12] [Server thread/WARN]: Mismatch in destroy block pos: BlockPos{x=-93, y=69, z=-937} BlockPos{x=-93, y=70, z=-938}
[06:54:12] [Server thread/WARN]: Mismatch in destroy block pos: BlockPos{x=-93, y=69, z=-937} BlockPos{x=-93, y=70, z=-938}
[06:54:12] [Server thread/WARN]: Mismatch in destroy block pos: BlockPos{x=-93, y=69, z=-937} BlockPos{x=-93, y=70, z=-938}
[06:54:13] [Server thread/WARN]: Mismatch in destroy block pos: BlockPos{x=-93, y=69, z=-937} BlockPos{x=-93, y=70, z=-938}
[06:54:13] [Server thread/WARN]: Mismatch in destroy block pos: BlockPos{x=-93, y=69, z=-937} BlockPos{x=-93, y=70, z=-938}
[06:54:13] [Server thread/WARN]: Mismatch in destroy block pos: BlockPos{x=-93, y=69, z=-937} BlockPos{x=-93, y=70, z=-938}
[06:54:13] [Server thread/WARN]: Mismatch in destroy block pos: BlockPos{x=-88, y=70, z=-939} BlockPos{x=-90, y=68, z=-939}
[06:54:13] [Server thread/WARN]: Mismatch in destroy block pos: BlockPos{x=-88, y=70, z=-939} BlockPos{x=-90, y=68, z=-939}
[06:54:14] [Server thread/WARN]: Mismatch in destroy block pos: BlockPos{x=-89, y=69, z=-940} BlockPos{x=-90, y=68, z=-939}
[06:54:15] [Server thread/WARN]: Mismatch in destroy block pos: BlockPos{x=-89, y=71, z=-938} BlockPos{x=-91, y=68, z=-939}
[06:54:19] [Server thread/WARN]: Mismatch in destroy block pos: BlockPos{x=-99, y=69, z=-961} BlockPos{x=-99, y=68, z=-960}
[06:54:19] [Server thread/WARN]: Mismatch in destroy block pos: BlockPos{x=-99, y=69, z=-961} BlockPos{x=-99, y=68, z=-960}
[06:54:39] [Server thread/WARN]: Mismatch in destroy block pos: BlockPos{x=-100, y=64, z=-965} BlockPos{x=-98, y=66, z=-964}
[06:54:59] [Server thread/WARN]: Mismatch in destroy block pos: BlockPos{x=-91, y=69, z=-933} BlockPos{x=-91, y=67, z=-933}
[06:55:00] [Server thread/WARN]: Mismatch in destroy block pos: BlockPos{x=-93, y=71, z=-931} BlockPos{x=-93, y=69, z=-932}
[06:55:14] [Server thread/WARN]: Mismatch in destroy block pos: BlockPos{x=-88, y=68, z=-934} BlockPos{x=-88, y=68, z=-935}
[06:55:15] [Server thread/WARN]: Mismatch in destroy block pos: BlockPos{x=-88, y=68, z=-934} BlockPos{x=-88, y=68, z=-935}
[06:55:15] [Server thread/WARN]: Mismatch in destroy block pos: BlockPos{x=-87, y=68, z=-934} BlockPos{x=-88, y=68, z=-935}
[06:55:15] [Server thread/WARN]: Mismatch in destroy block pos: BlockPos{x=-87, y=68, z=-934} BlockPos{x=-88, y=68, z=-935}
[06:55:15] [Server thread/WARN]: Mismatch in destroy block pos: BlockPos{x=-87, y=68, z=-932} BlockPos{x=-88, y=68, z=-932}
[06:55:17] [Server thread/WARN]: Mismatch in destroy block pos: BlockPos{x=-91, y=69, z=-928} BlockPos{x=-90, y=66, z=-930}
[06:55:18] [Server thread/WARN]: Mismatch in destroy block pos: BlockPos{x=-92, y=68, z=-929} BlockPos{x=-93, y=68, z=-930}
[06:55:29] [Server thread/WARN]: Mismatch in destroy block pos: BlockPos{x=-99, y=70, z=-923} BlockPos{x=-99, y=69, z=-922}
[06:55:29] [Server thread/WARN]: Mismatch in destroy block pos: BlockPos{x=-97, y=68, z=-969} BlockPos{x=-97, y=68, z=-968}
[06:55:29] [Server thread/WARN]: Mismatch in destroy block pos: BlockPos{x=-97, y=68, z=-969} BlockPos{x=-97, y=68, z=-968}
[06:55:29] [Server thread/WARN]: Mismatch in destroy block pos: BlockPos{x=-97, y=68, z=-969} BlockPos{x=-97, y=68, z=-968}
[06:55:29] [Server thread/WARN]: Mismatch in destroy block pos: BlockPos{x=-99, y=71, z=-923} BlockPos{x=-98, y=71, z=-923}
[06:55:29] [Server thread/WARN]: Mismatch in destroy block pos: BlockPos{x=-97, y=68, z=-969} BlockPos{x=-97, y=68, z=-968}
[06:55:29] [Server thread/WARN]: Mismatch in destroy block pos: BlockPos{x=-97, y=68, z=-969} BlockPos{x=-97, y=68, z=-968}
[06:55:29] [Server thread/WARN]: Mismatch in destroy block pos: BlockPos{x=-97, y=68, z=-969} BlockPos{x=-97, y=68, z=-968}
[06:55:33] [Server thread/WARN]: Mismatch in destroy block pos: BlockPos{x=-94, y=69, z=-924} BlockPos{x=-95, y=68, z=-923}
[06:55:41] [Server thread/WARN]: Mismatch in destroy block pos: BlockPos{x=-92, y=71, z=-921} BlockPos{x=-91, y=68, z=-922}
[06:55:41] [Server thread/WARN]: Mismatch in destroy block pos: BlockPos{x=-92, y=71, z=-921} BlockPos{x=-90, y=69, z=-923}
[06:55:43] [Server thread/WARN]: Mismatch in destroy block pos: BlockPos{x=-91, y=71, z=-922} BlockPos{x=-91, y=68, z=-921}
[06:55:43] [Server thread/WARN]: Mismatch in destroy block pos: BlockPos{x=-89, y=69, z=-921} BlockPos{x=-91, y=68, z=-921}
[06:55:43] [Server thread/WARN]: Mismatch in destroy block pos: BlockPos{x=-92, y=71, z=-922} BlockPos{x=-91, y=68, z=-921}
[06:55:45] [Server thread/WARN]: Mismatch in destroy block pos: BlockPos{x=-99, y=71, z=-916} BlockPos{x=-98, y=70, z=-917}
[06:55:48] [Server thread/WARN]: Mismatch in destroy block pos: BlockPos{x=-103, y=74, z=-915} BlockPos{x=-104, y=75, z=-914}
[06:55:59] [Server thread/WARN]: Mismatch in destroy block pos: BlockPos{x=-106, y=73, z=-916} BlockPos{x=-106, y=73, z=-917}
[06:55:59] [Server thread/WARN]: Mismatch in destroy block pos: BlockPos{x=-103, y=74, z=-915} BlockPos{x=-106, y=72, z=-916}
[06:56:01] [Server thread/WARN]: Mismatch in destroy block pos: BlockPos{x=-103, y=74, z=-921} BlockPos{x=-102, y=70, z=-919}
[06:56:03] [Server thread/WARN]: Mismatch in destroy block pos: BlockPos{x=-105, y=71, z=-923} BlockPos{x=-106, y=70, z=-923}
[06:56:03] [Server thread/WARN]: Mismatch in destroy block pos: BlockPos{x=-105, y=71, z=-923} BlockPos{x=-106, y=70, z=-923}
[06:56:03] [Server thread/WARN]: Mismatch in destroy block pos: BlockPos{x=-105, y=71, z=-923} BlockPos{x=-106, y=70, z=-923}
[06:56:03] [Server thread/WARN]: Mismatch in destroy block pos: BlockPos{x=-105, y=71, z=-923} BlockPos{x=-106, y=70, z=-923}
[06:56:04] [Server thread/WARN]: Mismatch in destroy block pos: BlockPos{x=-105, y=71, z=-923} BlockPos{x=-106, y=70, z=-923}
[06:56:07] [Server thread/WARN]: Mismatch in destroy block pos: BlockPos{x=-108, y=76, z=-917} BlockPos{x=-107, y=72, z=-917}
[06:56:14] [Server thread/WARN]: Mismatch in destroy block pos: BlockPos{x=-107, y=78, z=-907} BlockPos{x=-107, y=76, z=-906}
[06:56:14] [Server thread/WARN]: Mismatch in destroy block pos: BlockPos{x=-107, y=76, z=-907} BlockPos{x=-108, y=76, z=-907}
[06:56:16] [Server thread/WARN]: Mismatch in destroy block pos: BlockPos{x=-108, y=76, z=-910} BlockPos{x=-109, y=74, z=-911}
[06:56:16] [Server thread/WARN]: Mismatch in destroy block pos: BlockPos{x=-108, y=74, z=-909} BlockPos{x=-108, y=75, z=-908}
[06:56:17] [Server thread/WARN]: Mismatch in destroy block pos: BlockPos{x=-105, y=74, z=-908} BlockPos{x=-108, y=75, z=-908}
[06:56:17] [Server thread/WARN]: Mismatch in destroy block pos: BlockPos{x=-108, y=76, z=-910} BlockPos{x=-106, y=75, z=-908}
[06:56:18] [Server thread/WARN]: Mismatch in destroy block pos: BlockPos{x=-108, y=76, z=-910} BlockPos{x=-108, y=75, z=-906}
[06:56:19] [Server thread/WARN]: Mismatch in destroy block pos: BlockPos{x=-108, y=76, z=-910} BlockPos{x=-111, y=76, z=-908}
[06:56:22] [Server thread/WARN]: Mismatch in destroy block pos: BlockPos{x=-111, y=75, z=-913} BlockPos{x=-111, y=75, z=-912}
[06:56:24] [Server thread/WARN]: Mismatch in destroy block pos: BlockPos{x=-113, y=76, z=-915} BlockPos{x=-113, y=74, z=-915}
[06:56:24] [Server thread/WARN]: Mismatch in destroy block pos: BlockPos{x=-111, y=74, z=-916} BlockPos{x=-110, y=74, z=-916}
[06:56:24] [Server thread/WARN]: Mismatch in destroy block pos: BlockPos{x=-112, y=77, z=-914} BlockPos{x=-110, y=74, z=-916}
[06:58:16] [Server thread/WARN]: Mismatch in destroy block pos: BlockPos{x=-104, y=74, z=-910} BlockPos{x=-102, y=75, z=-910}
[06:58:24] [Server thread/WARN]: Mismatch in destroy block pos: BlockPos{x=-92, y=73, z=-912} BlockPos{x=-92, y=70, z=-910}
[06:58:25] [Server thread/WARN]: Mismatch in destroy block pos: BlockPos{x=-91, y=70, z=-912} BlockPos{x=-93, y=69, z=-913}
[06:58:25] [Server thread/WARN]: Mismatch in destroy block pos: BlockPos{x=-91, y=70, z=-912} BlockPos{x=-93, y=69, z=-913}
[06:58:25] [Server thread/WARN]: Mismatch in destroy block pos: BlockPos{x=-91, y=70, z=-912} BlockPos{x=-93, y=69, z=-913}
[06:58:25] [Server thread/WARN]: Mismatch in destroy block pos: BlockPos{x=-91, y=72, z=-912} BlockPos{x=-93, y=69, z=-913}
[06:58:32] [Server thread/WARN]: Mismatch in destroy block pos: BlockPos{x=-98, y=75, z=-910} BlockPos{x=-99, y=74, z=-911}
[06:58:32] [Server thread/WARN]: Mismatch in destroy block pos: BlockPos{x=-98, y=75, z=-910} BlockPos{x=-99, y=74, z=-911}
[06:58:34] [Server thread/WARN]: Mismatch in destroy block pos: BlockPos{x=-92, y=73, z=-912} BlockPos{x=-90, y=73, z=-911}
[06:58:36] [Server thread/WARN]: Mismatch in destroy block pos: BlockPos{x=-99, y=73, z=-907} BlockPos{x=-101, y=72, z=-908}
[06:58:43] [Server thread/WARN]: Mismatch in destroy block pos: BlockPos{x=-90, y=72, z=-910} BlockPos{x=-89, y=72, z=-909}
[06:58:43] [Server thread/WARN]: Mismatch in destroy block pos: BlockPos{x=-90, y=72, z=-910} BlockPos{x=-89, y=72, z=-909}
[06:58:43] [Server thread/WARN]: Mismatch in destroy block pos: BlockPos{x=-90, y=72, z=-910} BlockPos{x=-89, y=72, z=-909}
[06:58:43] [Server thread/WARN]: Mismatch in destroy block pos: BlockPos{x=-90, y=72, z=-910} BlockPos{x=-89, y=72, z=-909}
[06:58:50] [Server thread/WARN]: Mismatch in destroy block pos: BlockPos{x=-90, y=69, z=-919} BlockPos{x=-91, y=69, z=-918}
[06:58:50] [Server thread/WARN]: Mismatch in destroy block pos: BlockPos{x=-90, y=69, z=-919} BlockPos{x=-91, y=69, z=-918}
[06:58:50] [Server thread/WARN]: Mismatch in destroy block pos: BlockPos{x=-90, y=69, z=-919} BlockPos{x=-91, y=69, z=-918}
[06:58:50] [Server thread/WARN]: Mismatch in destroy block pos: BlockPos{x=-90, y=69, z=-919} BlockPos{x=-91, y=69, z=-918}
[06:58:50] [Server thread/WARN]: Mismatch in destroy block pos: BlockPos{x=-90, y=69, z=-919} BlockPos{x=-91, y=69, z=-918}
[06:58:50] [Server thread/WARN]: Mismatch in destroy block pos: BlockPos{x=-87, y=71, z=-919} BlockPos{x=-91, y=69, z=-918}
[06:58:50] [Server thread/WARN]: Mismatch in destroy block pos: BlockPos{x=-87, y=71, z=-919} BlockPos{x=-91, y=69, z=-918}
[06:58:50] [Server thread/WARN]: Mismatch in destroy block pos: BlockPos{x=-87, y=71, z=-919} BlockPos{x=-91, y=69, z=-918}
[06:58:50] [Server thread/WARN]: Mismatch in destroy block pos: BlockPos{x=-87, y=71, z=-919} BlockPos{x=-91, y=69, z=-918}
[06:59:16] [Server thread/WARN]: Mismatch in destroy block pos: BlockPos{x=-111, y=73, z=-932} BlockPos{x=-110, y=70, z=-930}
[06:59:26] [Server thread/WARN]: Mismatch in destroy block pos: BlockPos{x=-96, y=71, z=-911} BlockPos{x=-98, y=70, z=-912}
[06:59:33] [Server thread/WARN]: Mismatch in destroy block pos: BlockPos{x=-85, y=70, z=-912} BlockPos{x=-87, y=68, z=-912}
[06:59:48] [Server thread/WARN]: Mismatch in destroy block pos: BlockPos{x=-74, y=68, z=-916} BlockPos{x=-75, y=66, z=-915}
[06:59:51] [Server thread/WARN]: Mismatch in destroy block pos: BlockPos{x=-75, y=68, z=-920} BlockPos{x=-75, y=67, z=-921}
[07:00:25] [Server thread/WARN]: Mismatch in destroy block pos: BlockPos{x=-105, y=75, z=-906} BlockPos{x=-107, y=74, z=-906}
[07:00:25] [Server thread/WARN]: Mismatch in destroy block pos: BlockPos{x=-105, y=75, z=-906} BlockPos{x=-107, y=74, z=-906}
[07:00:25] [Server thread/WARN]: Mismatch in destroy block pos: BlockPos{x=-105, y=75, z=-906} BlockPos{x=-107, y=74, z=-906}
[07:00:25] [Server thread/WARN]: Mismatch in destroy block pos: BlockPos{x=-105, y=75, z=-906} BlockPos{x=-107, y=74, z=-906}
[07:00:25] [Server thread/WARN]: Mismatch in destroy block pos: BlockPos{x=-106, y=74, z=-907} BlockPos{x=-105, y=73, z=-907}
[07:00:36] [Server thread/WARN]: Mismatch in destroy block pos: BlockPos{x=-106, y=74, z=-904} BlockPos{x=-105, y=75, z=-903}
[07:00:36] [Server thread/WARN]: Mismatch in destroy block pos: BlockPos{x=-106, y=74, z=-904} BlockPos{x=-105, y=75, z=-903}
[07:00:36] [Server thread/WARN]: Mismatch in destroy block pos: BlockPos{x=-106, y=74, z=-904} BlockPos{x=-105, y=75, z=-903}
[07:00:36] [Server thread/WARN]: Mismatch in destroy block pos: BlockPos{x=-106, y=74, z=-904} BlockPos{x=-105, y=75, z=-903}
[07:00:37] [Server thread/WARN]: Mismatch in destroy block pos: BlockPos{x=-106, y=74, z=-904} BlockPos{x=-105, y=75, z=-903}
[07:00:37] [Server thread/WARN]: Mismatch in destroy block pos: BlockPos{x=-106, y=74, z=-904} BlockPos{x=-105, y=75, z=-903}
[07:00:37] [Server thread/WARN]: Mismatch in destroy block pos: BlockPos{x=-106, y=74, z=-904} BlockPos{x=-105, y=75, z=-903}
[07:00:37] [Server thread/WARN]: Mismatch in destroy block pos: BlockPos{x=-103, y=76, z=-907} BlockPos{x=-103, y=76, z=-906}
[07:00:54] [Server thread/WARN]: Mismatch in destroy block pos: BlockPos{x=-98, y=71, z=-905} BlockPos{x=-101, y=69, z=-906}
[07:00:55] [Server thread/WARN]: Mismatch in destroy block pos: BlockPos{x=-98, y=71, z=-905} BlockPos{x=-101, y=69, z=-906}
[07:00:55] [Server thread/WARN]: Mismatch in destroy block pos: BlockPos{x=-98, y=71, z=-905} BlockPos{x=-101, y=69, z=-906}
[07:00:55] [Server thread/WARN]: Mismatch in destroy block pos: BlockPos{x=-98, y=71, z=-905} BlockPos{x=-101, y=69, z=-906}
[07:00:55] [Server thread/WARN]: Mismatch in destroy block pos: BlockPos{x=-100, y=70, z=-903} BlockPos{x=-101, y=69, z=-906}
[07:00:55] [Server thread/WARN]: Mismatch in destroy block pos: BlockPos{x=-100, y=70, z=-903} BlockPos{x=-101, y=69, z=-906}
[07:00:55] [Server thread/WARN]: Mismatch in destroy block pos: BlockPos{x=-100, y=70, z=-903} BlockPos{x=-101, y=69, z=-906}
[07:00:55] [Server thread/WARN]: Mismatch in destroy block pos: BlockPos{x=-100, y=70, z=-903} BlockPos{x=-101, y=69, z=-906}
[07:00:56] [Server thread/WARN]: Mismatch in destroy block pos: BlockPos{x=-101, y=68, z=-903} BlockPos{x=-101, y=69, z=-906}
[07:00:57] [Server thread/WARN]: Mismatch in destroy block pos: BlockPos{x=-101, y=71, z=-903} BlockPos{x=-103, y=70, z=-902}
[07:03:42] [Server thread/WARN]: Mismatch in destroy block pos: BlockPos{x=-113, y=72, z=-927} BlockPos{x=-114, y=72, z=-928}
[07:03:42] [Server thread/WARN]: Mismatch in destroy block pos: BlockPos{x=-113, y=72, z=-927} BlockPos{x=-114, y=72, z=-928}
[07:03:42] [Server thread/WARN]: Mismatch in destroy block pos: BlockPos{x=-113, y=74, z=-927} BlockPos{x=-114, y=72, z=-928}
[07:03:43] [Server thread/WARN]: Mismatch in destroy block pos: BlockPos{x=-113, y=74, z=-926} BlockPos{x=-113, y=73, z=-925}
[07:03:44] [Server thread/WARN]: Mismatch in destroy block pos: BlockPos{x=-114, y=74, z=-930} BlockPos{x=-116, y=74, z=-930}
[07:03:44] [Server thread/WARN]: Mismatch in destroy block pos: BlockPos{x=-114, y=74, z=-930} BlockPos{x=-116, y=74, z=-930}
[07:03:44] [Server thread/WARN]: Mismatch in destroy block pos: BlockPos{x=-114, y=74, z=-930} BlockPos{x=-116, y=74, z=-930}
[07:03:46] [Server thread/WARN]: Mismatch in destroy block pos: BlockPos{x=-113, y=75, z=-925} BlockPos{x=-114, y=72, z=-925}
[07:03:52] [Server thread/WARN]: Mismatch in destroy block pos: BlockPos{x=-116, y=71, z=-932} BlockPos{x=-116, y=70, z=-929}
[07:04:11] [Server thread/WARN]: Mismatch in destroy block pos: BlockPos{x=-124, y=71, z=-933} BlockPos{x=-124, y=71, z=-934}
[07:04:11] [Server thread/WARN]: Mismatch in destroy block pos: BlockPos{x=-124, y=71, z=-933} BlockPos{x=-124, y=71, z=-934}
[07:04:11] [Server thread/WARN]: Mismatch in destroy block pos: BlockPos{x=-124, y=71, z=-933} BlockPos{x=-124, y=71, z=-934}
[07:04:11] [Server thread/WARN]: Mismatch in destroy block pos: BlockPos{x=-124, y=71, z=-933} BlockPos{x=-124, y=71, z=-934}
[07:04:20] [Server thread/WARN]: Mismatch in destroy block pos: BlockPos{x=-122, y=71, z=-932} BlockPos{x=-122, y=70, z=-934}
[07:04:26] [Server thread/WARN]: Mismatch in destroy block pos: BlockPos{x=-133, y=68, z=-937} BlockPos{x=-131, y=67, z=-935}
[07:04:28] [Server thread/WARN]: Mismatch in destroy block pos: BlockPos{x=-131, y=67, z=-936} BlockPos{x=-132, y=67, z=-936}
[07:04:29] [Server thread/WARN]: Mismatch in destroy block pos: BlockPos{x=-127, y=68, z=-937} BlockPos{x=-128, y=68, z=-936}
[07:04:32] [Server thread/WARN]: Mismatch in destroy block pos: BlockPos{x=-125, y=68, z=-938} BlockPos{x=-125, y=68, z=-937}
[07:04:32] [Server thread/WARN]: Mismatch in destroy block pos: BlockPos{x=-125, y=68, z=-937} BlockPos{x=-126, y=68, z=-936}
[07:04:32] [Server thread/WARN]: Mismatch in destroy block pos: BlockPos{x=-125, y=68, z=-937} BlockPos{x=-126, y=68, z=-936}
[07:04:32] [Server thread/WARN]: Mismatch in destroy block pos: BlockPos{x=-125, y=68, z=-937} BlockPos{x=-126, y=68, z=-936}
[07:04:32] [Server thread/WARN]: Mismatch in destroy block pos: BlockPos{x=-125, y=68, z=-937} BlockPos{x=-126, y=68, z=-936}
[07:04:32] [Server thread/WARN]: Mismatch in destroy block pos: BlockPos{x=-125, y=68, z=-937} BlockPos{x=-126, y=68, z=-936}
[07:04:32] [Server thread/WARN]: Mismatch in destroy block pos: BlockPos{x=-125, y=68, z=-937} BlockPos{x=-126, y=68, z=-936}
[07:04:32] [Server thread/WARN]: Mismatch in destroy block pos: BlockPos{x=-125, y=68, z=-937} BlockPos{x=-126, y=68, z=-936}
[07:04:32] [Server thread/WARN]: Mismatch in destroy block pos: BlockPos{x=-125, y=68, z=-937} BlockPos{x=-126, y=68, z=-936}
[07:04:32] [Server thread/WARN]: Mismatch in destroy block pos: BlockPos{x=-125, y=68, z=-937} BlockPos{x=-126, y=68, z=-936}
[07:04:33] [Server thread/WARN]: Mismatch in destroy block pos: BlockPos{x=-124, y=69, z=-938} BlockPos{x=-125, y=67, z=-937}
[07:04:40] [Server thread/WARN]: Mismatch in destroy block pos: BlockPos{x=-113, y=71, z=-926} BlockPos{x=-114, y=71, z=-927}
[07:04:40] [Server thread/WARN]: Mismatch in destroy block pos: BlockPos{x=-113, y=71, z=-926} BlockPos{x=-114, y=71, z=-927}
[07:05:12] [Server thread/WARN]: Mismatch in destroy block pos: BlockPos{x=-134, y=70, z=-939} BlockPos{x=-135, y=69, z=-939}
[07:06:19] [Server thread/WARN]: Mismatch in destroy block pos: BlockPos{x=-133, y=67, z=-935} BlockPos{x=-133, y=68, z=-936}
[07:06:19] [Server thread/WARN]: Mismatch in destroy block pos: BlockPos{x=-133, y=67, z=-935} BlockPos{x=-134, y=68, z=-936}
[07:06:19] [Server thread/WARN]: Mismatch in destroy block pos: BlockPos{x=-133, y=67, z=-935} BlockPos{x=-134, y=68, z=-936}
[07:06:19] [Server thread/WARN]: Mismatch in destroy block pos: BlockPos{x=-133, y=67, z=-935} BlockPos{x=-134, y=68, z=-937}
[07:06:26] [Server thread/WARN]: Mismatch in destroy block pos: BlockPos{x=-132, y=63, z=-939} BlockPos{x=-131, y=65, z=-937}
[07:06:32] [Server thread/WARN]: Mismatch in destroy block pos: BlockPos{x=-126, y=65, z=-939} BlockPos{x=-125, y=65, z=-939}
[07:06:32] [Server thread/WARN]: Mismatch in destroy block pos: BlockPos{x=-126, y=65, z=-939} BlockPos{x=-125, y=65, z=-939}
[07:06:32] [Server thread/WARN]: Mismatch in destroy block pos: BlockPos{x=-126, y=64, z=-939} BlockPos{x=-125, y=65, z=-939}
[07:06:32] [Server thread/WARN]: Mismatch in destroy block pos: BlockPos{x=-126, y=64, z=-939} BlockPos{x=-126, y=63, z=-939}
[07:06:38] [Server thread/WARN]: Mismatch in destroy block pos: BlockPos{x=-126, y=65, z=-940} BlockPos{x=-128, y=62, z=-940}
[07:07:26] [Server thread/WARN]: Mismatch in destroy block pos: BlockPos{x=-111, y=77, z=-917} BlockPos{x=-110, y=73, z=-916}
[07:07:26] [Server thread/WARN]: Mismatch in destroy block pos: BlockPos{x=-111, y=77, z=-917} BlockPos{x=-110, y=73, z=-916}
[07:07:26] [Server thread/WARN]: Mismatch in destroy block pos: BlockPos{x=-111, y=77, z=-917} BlockPos{x=-111, y=74, z=-915}
[07:07:26] [Server thread/WARN]: Mismatch in destroy block pos: BlockPos{x=-111, y=77, z=-917} BlockPos{x=-111, y=74, z=-915}
[07:07:26] [Server thread/WARN]: Mismatch in destroy block pos: BlockPos{x=-111, y=77, z=-917} BlockPos{x=-111, y=74, z=-915}
[07:07:26] [Server thread/WARN]: Mismatch in destroy block pos: BlockPos{x=-111, y=77, z=-917} BlockPos{x=-111, y=74, z=-915}
[07:07:26] [Server thread/WARN]: Mismatch in destroy block pos: BlockPos{x=-111, y=77, z=-917} BlockPos{x=-111, y=74, z=-915}
[07:07:26] [Server thread/WARN]: Mismatch in destroy block pos: BlockPos{x=-111, y=77, z=-917} BlockPos{x=-111, y=74, z=-915}
[07:07:26] [Server thread/WARN]: Mismatch in destroy block pos: BlockPos{x=-111, y=77, z=-917} BlockPos{x=-111, y=74, z=-915}
[07:07:26] [Server thread/WARN]: Mismatch in destroy block pos: BlockPos{x=-111, y=77, z=-917} BlockPos{x=-111, y=74, z=-915}
[07:07:27] [Server thread/WARN]: Mismatch in destroy block pos: BlockPos{x=-111, y=77, z=-917} BlockPos{x=-111, y=74, z=-915}
[07:07:27] [Server thread/WARN]: Mismatch in destroy block pos: BlockPos{x=-111, y=77, z=-917} BlockPos{x=-111, y=74, z=-915}
[07:07:42] [Server thread/WARN]: Mismatch in destroy block pos: BlockPos{x=-115, y=76, z=-914} BlockPos{x=-116, y=75, z=-913}
[07:07:48] [Server thread/WARN]: Mismatch in destroy block pos: BlockPos{x=-114, y=74, z=-913} BlockPos{x=-115, y=74, z=-913}
[07:07:52] [Server thread/WARN]: Mismatch in destroy block pos: BlockPos{x=-114, y=73, z=-918} BlockPos{x=-115, y=72, z=-919}
[07:07:54] [Server thread/WARN]: Mismatch in destroy block pos: BlockPos{x=-114, y=75, z=-920} BlockPos{x=-113, y=73, z=-918}
[07:09:03] [Server thread/WARN]: Mismatch in destroy block pos: BlockPos{x=-113, y=80, z=-902} BlockPos{x=-113, y=76, z=-905}
[07:09:08] [Server thread/WARN]: Mismatch in destroy block pos: BlockPos{x=-116, y=75, z=-900} BlockPos{x=-116, y=74, z=-902}
[07:09:08] [Server thread/WARN]: Mismatch in destroy block pos: BlockPos{x=-116, y=75, z=-900} BlockPos{x=-116, y=74, z=-902}
[07:10:14] [Server thread/WARN]: Mismatch in destroy block pos: BlockPos{x=-120, y=76, z=-918} BlockPos{x=-121, y=74, z=-919}
[07:10:23] [Server thread/WARN]: Mismatch in destroy block pos: BlockPos{x=-125, y=72, z=-923} BlockPos{x=-122, y=71, z=-922}
[07:10:23] [Server thread/WARN]: Mismatch in destroy block pos: BlockPos{x=-125, y=72, z=-923} BlockPos{x=-122, y=71, z=-922}
[07:10:23] [Server thread/WARN]: Mismatch in destroy block pos: BlockPos{x=-125, y=72, z=-923} BlockPos{x=-122, y=71, z=-922}
[07:10:27] [Server thread/WARN]: Mismatch in destroy block pos: BlockPos{x=-128, y=73, z=-923} BlockPos{x=-127, y=72, z=-924}
[07:10:27] [Server thread/WARN]: Mismatch in destroy block pos: BlockPos{x=-128, y=73, z=-923} BlockPos{x=-127, y=72, z=-924}
[07:10:27] [Server thread/WARN]: Mismatch in destroy block pos: BlockPos{x=-128, y=73, z=-923} BlockPos{x=-127, y=72, z=-924}
[07:10:28] [Server thread/WARN]: Mismatch in destroy block pos: BlockPos{x=-128, y=72, z=-925} BlockPos{x=-128, y=72, z=-924}
[07:10:28] [Server thread/WARN]: Mismatch in destroy block pos: BlockPos{x=-128, y=72, z=-925} BlockPos{x=-128, y=72, z=-924}
[07:11:29] [Server thread/WARN]: Mismatch in destroy block pos: BlockPos{x=-133, y=64, z=-941} BlockPos{x=-134, y=63, z=-941}
[07:11:31] [Server thread/WARN]: Mismatch in destroy block pos: BlockPos{x=-120, y=75, z=-911} BlockPos{x=-119, y=74, z=-911}
[07:12:03] [Server thread/WARN]: Mismatch in destroy block pos: BlockPos{x=-122, y=73, z=-902} BlockPos{x=-120, y=73, z=-901}
[07:12:04] [Server thread/WARN]: Mismatch in destroy block pos: BlockPos{x=-122, y=73, z=-903} BlockPos{x=-122, y=74, z=-904}
[07:12:05] [Server thread/WARN]: Mismatch in destroy block pos: BlockPos{x=-122, y=73, z=-904} BlockPos{x=-122, y=73, z=-902}
[07:12:21] [Server thread/WARN]: Mismatch in destroy block pos: BlockPos{x=-143, y=70, z=-946} BlockPos{x=-146, y=69, z=-946}
[07:12:21] [Server thread/WARN]: Mismatch in destroy block pos: BlockPos{x=-143, y=70, z=-946} BlockPos{x=-146, y=69, z=-946}
[07:12:26] [Server thread/WARN]: Mismatch in destroy block pos: BlockPos{x=-120, y=73, z=-912} BlockPos{x=-118, y=73, z=-912}
[07:12:28] [Server thread/WARN]: Mismatch in destroy block pos: BlockPos{x=-149, y=73, z=-944} BlockPos{x=-149, y=67, z=-945}
[07:12:32] [Server thread/WARN]: Mismatch in destroy block pos: BlockPos{x=-122, y=71, z=-909} BlockPos{x=-121, y=71, z=-910}
[07:12:33] [Server thread/WARN]: Mismatch in destroy block pos: BlockPos{x=-123, y=71, z=-912} BlockPos{x=-122, y=70, z=-914}
[07:12:46] [Server thread/WARN]: Mismatch in destroy block pos: BlockPos{x=-143, y=73, z=-943} BlockPos{x=-143, y=72, z=-943}
[07:12:46] [Server thread/WARN]: Mismatch in destroy block pos: BlockPos{x=-143, y=73, z=-943} BlockPos{x=-143, y=72, z=-943}
[07:12:46] [Server thread/WARN]: Mismatch in destroy block pos: BlockPos{x=-143, y=73, z=-943} BlockPos{x=-143, y=72, z=-943}
[07:12:46] [Server thread/WARN]: Mismatch in destroy block pos: BlockPos{x=-143, y=73, z=-943} BlockPos{x=-143, y=72, z=-943}
[07:12:46] [Server thread/WARN]: Mismatch in destroy block pos: BlockPos{x=-143, y=73, z=-943} BlockPos{x=-143, y=72, z=-943}
[07:12:46] [Server thread/WARN]: Mismatch in destroy block pos: BlockPos{x=-143, y=73, z=-943} BlockPos{x=-143, y=72, z=-943}
[07:12:51] [Server thread/WARN]: Mismatch in destroy block pos: BlockPos{x=-144, y=74, z=-941} BlockPos{x=-145, y=68, z=-941}
[07:13:08] [Server thread/WARN]: Mismatch in destroy block pos: BlockPos{x=-122, y=69, z=-926} BlockPos{x=-124, y=71, z=-923}
[07:13:12] [Server thread/WARN]: Mismatch in destroy block pos: BlockPos{x=-117, y=68, z=-926} BlockPos{x=-118, y=67, z=-925}
[07:13:12] [Server thread/WARN]: Mismatch in destroy block pos: BlockPos{x=-117, y=68, z=-926} BlockPos{x=-118, y=67, z=-925}
[07:13:12] [Server thread/WARN]: Mismatch in destroy block pos: BlockPos{x=-117, y=68, z=-926} BlockPos{x=-118, y=67, z=-925}
[07:13:12] [Server thread/WARN]: Mismatch in destroy block pos: BlockPos{x=-117, y=68, z=-926} BlockPos{x=-118, y=67, z=-925}
[07:13:12] [Server thread/WARN]: Mismatch in destroy block pos: BlockPos{x=-117, y=68, z=-926} BlockPos{x=-118, y=67, z=-925}
[07:13:12] [Server thread/WARN]: Mismatch in destroy block pos: BlockPos{x=-117, y=68, z=-926} BlockPos{x=-118, y=67, z=-925}
[07:13:21] [Server thread/WARN]: Mismatch in destroy block pos: BlockPos{x=-123, y=68, z=-926} BlockPos{x=-122, y=67, z=-925}
[07:13:25] [Server thread/WARN]: Mismatch in destroy block pos: BlockPos{x=-129, y=70, z=-925} BlockPos{x=-128, y=69, z=-926}
[07:13:28] [Server thread/WARN]: Mismatch in destroy block pos: BlockPos{x=-130, y=70, z=-928} BlockPos{x=-129, y=70, z=-924}
[07:13:31] [Server thread/WARN]: Mismatch in destroy block pos: BlockPos{x=-126, y=66, z=-927} BlockPos{x=-127, y=67, z=-927}
[07:13:31] [Server thread/WARN]: Mismatch in destroy block pos: BlockPos{x=-126, y=66, z=-927} BlockPos{x=-127, y=67, z=-927}
[07:13:32] [Server thread/WARN]: Mismatch in destroy block pos: BlockPos{x=-126, y=66, z=-927} BlockPos{x=-127, y=67, z=-927}
[07:13:32] [Server thread/WARN]: Mismatch in destroy block pos: BlockPos{x=-126, y=66, z=-927} BlockPos{x=-127, y=67, z=-927}
[07:13:45] [Server thread/WARN]: Mismatch in destroy block pos: BlockPos{x=-116, y=65, z=-926} BlockPos{x=-115, y=65, z=-927}
[07:13:46] [Server thread/WARN]: Mismatch in destroy block pos: BlockPos{x=-113, y=67, z=-924} BlockPos{x=-115, y=64, z=-926}
[07:13:47] [Server thread/WARN]: Mismatch in destroy block pos: BlockPos{x=-115, y=66, z=-924} BlockPos{x=-116, y=65, z=-924}
[07:13:47] [Server thread/WARN]: Mismatch in destroy block pos: BlockPos{x=-115, y=66, z=-924} BlockPos{x=-116, y=65, z=-924}
[07:13:47] [Server thread/WARN]: Mismatch in destroy block pos: BlockPos{x=-115, y=66, z=-924} BlockPos{x=-116, y=65, z=-924}
[07:13:47] [Server thread/WARN]: Mismatch in destroy block pos: BlockPos{x=-115, y=66, z=-924} BlockPos{x=-116, y=65, z=-924}
[07:13:47] [Server thread/WARN]: Mismatch in destroy block pos: BlockPos{x=-115, y=66, z=-924} BlockPos{x=-116, y=65, z=-924}
[07:13:47] [Server thread/WARN]: Mismatch in destroy block pos: BlockPos{x=-115, y=66, z=-924} BlockPos{x=-116, y=65, z=-924}
[07:13:58] [Server thread/WARN]: Mismatch in destroy block pos: BlockPos{x=-121, y=66, z=-928} BlockPos{x=-120, y=65, z=-928}
[07:13:58] [Server thread/WARN]: Mismatch in destroy block pos: BlockPos{x=-122, y=65, z=-931} BlockPos{x=-121, y=65, z=-928}
[07:15:23] [Server thread/WARN]: Mismatch in destroy block pos: BlockPos{x=-134, y=73, z=-921} BlockPos{x=-134, y=72, z=-920}
[07:15:23] [Server thread/WARN]: Mismatch in destroy block pos: BlockPos{x=-134, y=73, z=-922} BlockPos{x=-134, y=72, z=-921}
[07:15:23] [Server thread/WARN]: Mismatch in destroy block pos: BlockPos{x=-134, y=73, z=-922} BlockPos{x=-133, y=73, z=-920}
[07:15:23] [Server thread/WARN]: Mismatch in destroy block pos: BlockPos{x=-133, y=73, z=-922} BlockPos{x=-133, y=74, z=-922}
[07:15:24] [Server thread/WARN]: Mismatch in destroy block pos: BlockPos{x=-131, y=74, z=-920} BlockPos{x=-132, y=73, z=-919}
[07:15:26] [Server thread/WARN]: Mismatch in destroy block pos: BlockPos{x=-132, y=75, z=-924} BlockPos{x=-132, y=74, z=-923}
[07:15:26] [Server thread/WARN]: Mismatch in destroy block pos: BlockPos{x=-132, y=75, z=-924} BlockPos{x=-132, y=74, z=-923}
[07:15:26] [Server thread/WARN]: Mismatch in destroy block pos: BlockPos{x=-132, y=75, z=-924} BlockPos{x=-132, y=74, z=-923}
[07:15:26] [Server thread/WARN]: Mismatch in destroy block pos: BlockPos{x=-132, y=75, z=-924} BlockPos{x=-132, y=74, z=-923}
[07:15:26] [Server thread/WARN]: Mismatch in destroy block pos: BlockPos{x=-132, y=75, z=-924} BlockPos{x=-132, y=74, z=-923}
[07:15:33] [Server thread/WARN]: Mismatch in destroy block pos: BlockPos{x=-132, y=73, z=-917} BlockPos{x=-133, y=76, z=-915}
[07:15:33] [Server thread/WARN]: Mismatch in destroy block pos: BlockPos{x=-132, y=73, z=-917} BlockPos{x=-133, y=76, z=-915}
[07:15:33] [Server thread/WARN]: Mismatch in destroy block pos: BlockPos{x=-132, y=73, z=-917} BlockPos{x=-133, y=76, z=-915}
[07:15:33] [Server thread/WARN]: Mismatch in destroy block pos: BlockPos{x=-132, y=73, z=-917} BlockPos{x=-133, y=76, z=-915}
[07:15:34] [Server thread/WARN]: Mismatch in destroy block pos: BlockPos{x=-132, y=73, z=-917} BlockPos{x=-133, y=76, z=-915}
[07:15:34] [Server thread/WARN]: Mismatch in destroy block pos: BlockPos{x=-132, y=73, z=-917} BlockPos{x=-133, y=76, z=-915}
[07:15:34] [Server thread/WARN]: Mismatch in destroy block pos: BlockPos{x=-132, y=73, z=-917} BlockPos{x=-133, y=76, z=-915}
[07:15:34] [Server thread/WARN]: Mismatch in destroy block pos: BlockPos{x=-132, y=73, z=-917} BlockPos{x=-133, y=76, z=-915}
[07:15:34] [Server thread/WARN]: Mismatch in destroy block pos: BlockPos{x=-132, y=73, z=-917} BlockPos{x=-133, y=76, z=-915}
[07:15:34] [Server thread/WARN]: Mismatch in destroy block pos: BlockPos{x=-132, y=73, z=-917} BlockPos{x=-133, y=76, z=-915}
[07:15:34] [Server thread/WARN]: Mismatch in destroy block pos: BlockPos{x=-132, y=73, z=-917} BlockPos{x=-133, y=76, z=-915}
[07:15:34] [Server thread/WARN]: Mismatch in destroy block pos: BlockPos{x=-132, y=73, z=-917} BlockPos{x=-133, y=76, z=-915}
[07:15:34] [Server thread/WARN]: Mismatch in destroy block pos: BlockPos{x=-132, y=73, z=-917} BlockPos{x=-133, y=76, z=-915}
[07:15:34] [Server thread/WARN]: Mismatch in destroy block pos: BlockPos{x=-132, y=74, z=-913} BlockPos{x=-133, y=76, z=-915}
[07:15:53] [Server thread/WARN]: Mismatch in destroy block pos: BlockPos{x=-134, y=72, z=-925} BlockPos{x=-133, y=71, z=-924}
[07:15:54] [Server thread/WARN]: Mismatch in destroy block pos: BlockPos{x=-136, y=72, z=-921} BlockPos{x=-136, y=72, z=-923}
[07:15:54] [Server thread/WARN]: Mismatch in destroy block pos: BlockPos{x=-136, y=72, z=-921} BlockPos{x=-136, y=72, z=-923}
[07:15:54] [Server thread/WARN]: Mismatch in destroy block pos: BlockPos{x=-138, y=73, z=-922} BlockPos{x=-136, y=72, z=-923}
[07:15:58] [Server thread/WARN]: Mismatch in destroy block pos: BlockPos{x=-137, y=76, z=-924} BlockPos{x=-134, y=74, z=-926}
[07:15:58] [Server thread/WARN]: Mismatch in destroy block pos: BlockPos{x=-137, y=76, z=-924} BlockPos{x=-134, y=74, z=-926}
[07:15:58] [Server thread/WARN]: Mismatch in destroy block pos: BlockPos{x=-137, y=76, z=-924} BlockPos{x=-134, y=74, z=-926}
[07:15:58] [Server thread/WARN]: Mismatch in destroy block pos: BlockPos{x=-137, y=76, z=-924} BlockPos{x=-134, y=74, z=-926}
[07:15:58] [Server thread/WARN]: Mismatch in destroy block pos: BlockPos{x=-137, y=76, z=-924} BlockPos{x=-134, y=74, z=-926}
[07:15:58] [Server thread/WARN]: Mismatch in destroy block pos: BlockPos{x=-137, y=76, z=-924} BlockPos{x=-134, y=74, z=-926}
[07:25:59] [Server thread/WARN]: Mismatch in destroy block pos: BlockPos{x=141, y=64, z=-178} BlockPos{x=141, y=63, z=-176}
[07:31:17] [Server thread/INFO]: Yazuu lost connection: Disconnected
[07:31:17] [Server thread/INFO]: Yazuu left the game
[07:33:08] [Server thread/INFO]: DraculaNew lost connection: Disconnected
[07:33:08] [Server thread/INFO]: DraculaNew left the game
[07:33:34] [Server thread/INFO]: bohemia lost connection: Disconnected
[07:33:34] [Server thread/INFO]: bohemia left the game
[07:33:44] [Server thread/INFO]: Stopping the server
[07:33:44] [Server thread/INFO]: Stopping server
[07:33:44] [Server thread/INFO]: Saving players
[07:33:44] [Server thread/INFO]: Saving worlds
[07:33:44] [Server thread/INFO]: Saving chunks for level 'ServerLevel[world]'/minecraft:overworld
[07:33:44] [Server thread/INFO]: Saving chunks for level 'ServerLevel[world]'/minecraft:the_nether
[07:33:44] [Server thread/INFO]: Saving chunks for level 'ServerLevel[world]'/minecraft:the_end
[07:33:44] [Server thread/INFO]: ThreadedAnvilChunkStorage (world): All chunks are saved
[07:33:44] [Server thread/INFO]: ThreadedAnvilChunkStorage (DIM-1): All chunks are saved
[07:33:44] [Server thread/INFO]: ThreadedAnvilChunkStorage (DIM1): All chunks are saved
[07:33:44] [Server thread/INFO]: ThreadedAnvilChunkStorage: All dimensions are saved
[07:33:45] [Server thread/INFO]: Dispatching unloading event for config mutantmonsters-server.toml
